Date,,Test 1,Time,Pressure,P_1,Test 2,Time,Pressure,,Test 3,Time3,Pressure,P_3,Test 4,Time4,Pressure,P_4,Test 5,Time,Pressure
4/5/23,,12.46,0,998,6981537,12.59,0,989,,1.19,0,1001,7002219,2.06,0,810,5685465,2.35,0,824
,,,1,987,6905703,,1,985,,,1,998,6981537,,1,809,5678571,,1,820
Control tube 5,,,2,973,6809187,,2,975,,,2,993,6947067,,2,806,5657889,,2,816
,,,3,959,6712671,,3,962,,,3,988,6912597,,3,802,5630313,,3,811
,,,4,946,6623049,,4,949,,,4,982,6871233,,4,797,5595843,,4,806
,,,5,934,6540321,,5,938,,,5,977,6836763,,5,792,5561373,,5,801
,,,6,923,6464487,,6,926,,,6,971,6795399,,6,788,5533797,,6,797
,,,7,912,6388653,,7,915,,,7,966,6760929,,7,783,5499327,,7,792
,,,8,901,6312819,,8,905,,,8,961,6726459,,8,779,5471751,,8,788
,,,9,891,6243879,,9,895,,,9,956,6691989,,9,775,5444175,,9,784
,,,10,880,6168045,,10,885,,,10,951,6657519,,10,771,5416599,,10,780
,,,11,870,6099105,,11,875,,,11,947,6629943,,11,767,5389023,,11,776
,,,12,860,6030165,,12,865,,,12,942,6595473,,12,762,5354553,,12,771
,,,13,850,5961225,,13,856,,,13,937,6561003,,13,758,5326977,,13,767
,,,14,840,5892285,,14,846,,,14,933,6533427,,14,755,5306295,,14,763
,,,15,831,5830239,,15,837,,,15,928,6498957,,15,751,5278719,,15,759
,,,16,821,5761299,,16,828,,,16,923,6464487,,16,747,5251143,,16,756
,,,17,812,5699253,,17,819,,,17,919,6436911,,17,743,5223567,,17,752
,,,18,802,5630313,,18,811,,,18,914,6402441,,18,739,5195991,,18,748
,,,19,793,5568267,,19,802,,,19,910,6374865,,19,735,5168415,,19,744
,,,20,784,5506221,,20,793,,,20,906,6347289,,20,732,5147733,,20,740
,,,21,775,5444175,,21,785,,,21,901,6312819,,21,728,5120157,,21,737
,,,22,766,5382129,,22,777,,,22,897,6285243,,22,724,5092581,,22,733
,,,23,758,5326977,,23,768,,,23,893,6257667,,23,721,5071899,,23,729
,,,24,749,5264931,,24,760,,,24,888,6223197,,24,717,5044323,,24,725
,,,25,741,5209779,,25,752,,,25,884,6195621,,25,713,5016747,,25,722
,,,26,733,5154627,,26,745,,,26,880,6168045,,26,710,4996065,,26,718
,,,27,725,5099475,,27,737,,,27,876,6140469,,27,706,4968489,,27,715
,,,28,716,5037429,,28,729,,,28,871,6105999,,28,703,4947807,,28,711
,,,29,708,4982277,,29,722,,,29,867,6078423,,29,700,4927125,,29,708
,,,30,700,4927125,,30,714,,,30,863,6050847,,30,696,4899549,,30,704
,,,31,692,4871973,,31,707,,,31,859,6023271,,31,693,4878867,,31,701
,,,32,684,4816821,,32,699,,,32,855,5995695,,32,689,4851291,,32,697
,,,33,676,4761669,,33,692,,,33,851,5968119,,33,686,4830609,,33,694
,,,34,668,4706517,,34,685,,,34,847,5940543,,34,683,4809927,,34,691
,,,35,661,4658259,,35,678,,,35,843,5912967,,35,679,4782351,,35,687
,,,36,653,4603107,,36,671,,,36,839,5885391,,36,676,4761669,,36,684
,,,37,646,4554849,,37,664,,,37,835,5857815,,37,673,4740987,,37,681
,,,38,638,4499697,,38,657,,,38,831,5830239,,38,670,4720305,,38,677
,,,39,631,4451439,,39,650,,,39,828,5809557,,39,666,4692729,,39,674
,,,40,624,4403181,,40,644,,,40,824,5781981,,40,663,4672047,,40,671
,,,41,617,4354923,,41,637,,,41,820,5754405,,41,660,4651365,,41,668
,,,42,610,4306665,,42,630,,,42,816,5726829,,42,657,4630683,,42,665
,,,43,603,4258407,,43,624,,,43,813,5706147,,43,654,4610001,,43,661
,,,44,596,4210149,,44,617,,,44,809,5678571,,44,651,4589319,,44,658
,,,45,589,4161891,,45,611,,,45,805,5650995,,45,648,4568637,,45,655
,,,46,582,4113633,,46,605,,,46,801,5623419,,46,645,4547955,,46,652
,,,47,575,4065375,,47,598,,,47,798,5602737,,47,642,4527273,,47,649
,,,48,569,4024011,,48,592,,,48,794,5575161,,48,639,4506591,,48,646
,,,49,562,3975753,,49,586,,,49,791,5554479,,49,636,4485909,,49,643
,,,50,556,3934389,,50,580,,,50,787,5526903,,50,633,4465227,,50,640
,,,51,549,3886131,,51,574,,,51,784,5506221,,51,630,4444545,,51,637
,,,52,543,3844767,,52,568,,,52,780,5478645,,52,627,4423863,,52,634
,,,53,537,3803403,,53,562,,,53,777,5457963,,53,624,4403181,,53,632
,,,54,531,3762039,,54,556,,,54,773,5430387,,54,621,4382499,,54,629
,,,55,524,3713781,,55,551,,,55,770,5409705,,55,618,4361817,,55,626
,,,56,518,3672417,,56,545,,,56,766,5382129,,56,616,4348029,,56,623
,,,57,512,3631053,,57,539,,,57,763,5361447,,57,615,4341135,,57,620
,,,58,506,3589689,,58,534,,,58,759,5333871,,58,613,4327347,,58,617
,,,59,501,3555219,,59,528,,,59,756,5313189,,59,610,4306665,,59,615
,,,60,495,3513855,,60,523,,,60,753,5292507,,60,607,4285983,,60,612
,,,61,489,3472491,,61,517,,,61,749,5264931,,61,604,4265301,,61,609
,,,62,483,3431127,,62,512,,,62,746,5244249,,62,602,4251513,,62,606
,,,63,478,3396657,,63,507,,,63,743,5223567,,63,599,4230831,,63,604
,,,64,472,3355293,,64,501,,,64,740,5202885,,64,596,4210149,,64,601
,,,65,467,3320823,,65,496,,,65,737,5182203,,65,594,4196361,,65,598
,,,66,461,3279459,,66,491,,,66,733,5154627,,66,591,4175679,,66,596
,,,67,456,3244989,,67,486,,,67,730,5133945,,67,588,4154997,,67,593
,,,68,451,3210519,,68,481,,,68,727,5113263,,68,586,4141209,,68,591
,,,69,445,3169155,,69,476,,,69,724,5092581,,69,583,4120527,,69,588
,,,70,440,3134685,,70,471,,,70,721,5071899,,70,581,4106739,,70,585
,,,71,435,3100215,,71,466,,,71,718,5051217,,71,578,4086057,,71,583
,,,72,430,3065745,,72,461,,,72,715,5030535,,72,576,4072269,,72,580
,,,73,425,3031275,,73,456,,,73,711,5002959,,73,573,4051587,,73,578
,,,74,420,2996805,,74,452,,,74,708,4982277,,74,571,4037799,,74,575
,,,75,415,2962335,,75,447,,,75,705,4961595,,75,568,4017117,,75,573
,,,76,410,2927865,,76,442,,,76,702,4940913,,76,566,4003329,,76,570
,,,77,405,2893395,,77,437,,,77,699,4920231,,77,563,3982647,,77,568
,,,78,400,2858925,,78,433,,,78,696,4899549,,78,561,3968859,,78,566
,,,79,396,2831349,,79,428,,,79,694,4885761,,79,559,3955071,,79,563
,,,80,391,2796879,,80,424,,,80,691,4865079,,80,556,3934389,,80,561
,,,81,386,2762409,,81,419,,,81,688,4844397,,81,554,3920601,,81,558
,,,82,382,2734833,,82,415,,,82,685,4823715,,82,552,3906813,,82,556
,,,83,377,2700363,,83,411,,,83,682,4803033,,83,549,3886131,,83,554
,,,84,373,2672787,,84,406,,,84,679,4782351,,84,547,3872343,,84,551
,,,85,369,2645211,,85,402,,,85,676,4761669,,85,545,3858555,,85,549
,,,86,364,2610741,,86,398,,,86,673,4740987,,86,542,3837873,,86,547
,,,87,360,2583165,,87,394,,,87,671,4727199,,87,540,3824085,,87,545
,,,88,355,2548695,,88,390,,,88,668,4706517,,88,538,3810297,,88,542
,,,89,351,2521119,,89,386,,,89,665,4685835,,89,536,3796509,,89,540
,,,90,347,2493543,,90,381,,,90,662,4665153,,90,533,3775827,,90,538
,,,91,343,2465967,,91,377,,,91,660,4651365,,91,531,3762039,,91,536
,,,92,339,2438391,,92,373,,,92,657,4630683,,92,529,3748251,,92,533
,,,93,335,2410815,,93,370,,,93,654,4610001,,93,527,3734463,,93,531
,,,94,331,2383239,,94,366,,,94,652,4596213,,94,525,3720675,,94,529
,,,95,327,2355663,,95,362,,,95,649,4575531,,95,522,3699993,,95,527
,,,96,323,2328087,,96,358,,,96,646,4554849,,96,520,3686205,,96,525
,,,97,319,2300511,,97,354,,,97,644,4541061,,97,518,3672417,,97,523
,,,98,315,2272935,,98,351,,,98,641,4520379,,98,516,3658629,,98,521
,,,99,311,2245359,,99,347,,,99,638,4499697,,99,514,3644841,,99,518
,,,100,308,2224677,,100,343,,,100,636,4485909,,100,512,3631053,,100,516
,,,101,304,2197101,,101,340,,,101,633,4465227,,101,510,3617265,,101,514
,,,102,300,2169525,,102,336,,,102,631,4451439,,102,508,3603477,,102,512
,,,103,297,2148843,,103,333,,,103,628,4430757,,103,506,3589689,,103,510
,,,104,293,2121267,,104,329,,,104,626,4416969,,104,504,3575901,,104,508
,,,105,290,2100585,,105,326,,,105,623,4396287,,105,502,3562113,,105,506
,,,106,286,2073009,,106,322,,,106,621,4382499,,106,500,3548325,,106,504
,,,107,283,2052327,,107,319,,,107,618,4361817,,107,498,3534537,,107,502
,,,108,279,2024751,,108,315,,,108,616,4348029,,108,496,3520749,,108,500
,,,109,276,2004069,,109,312,,,109,613,4327347,,109,494,3506961,,109,498
,,,110,272,1976493,,110,309,,,110,611,4313559,,110,492,3493173,,110,496
,,,111,269,1955811,,111,305,,,111,608,4292877,,111,490,3479385,,111,494
,,,112,266,1935129,,112,302,,,112,606,4279089,,112,488,3465597,,112,492
,,,113,263,1914447,,113,299,,,113,604,4265301,,113,486,3451809,,113,490
,,,114,259,1886871,,114,296,,,114,601,4244619,,114,484,3438021,,114,489
,,,115,256,1866189,,115,293,,,115,599,4230831,,115,482,3424233,,115,487
,,,116,253,1845507,,116,290,,,116,597,4217043,,116,480,3410445,,116,485
,,,117,250,1824825,,117,287,,,117,594,4196361,,117,479,3403551,,117,483
,,,118,247,1804143,,118,284,,,118,592,4182573,,118,478,3396657,,118,481
,,,119,244,1783461,,119,281,,,119,590,4168785,,119,477,3389763,,119,479
,,,120,241,1762779,,120,278,,,120,587,4148103,,120,475,3375975,,120,477
,,,121,238,1742097,,121,275,,,121,585,4134315,,121,473,3362187,,121,476
,,,122,235,1721415,,122,272,,,122,583,4120527,,122,471,3348399,,122,474
,,,123,232,1700733,,123,269,,,123,580,4099845,,123,469,3334611,,123,472
,,,124,230,1686945,,124,266,,,124,578,4086057,,124,468,3327717,,124,470
,,,125,227,1666263,,125,263,,,125,576,4072269,,125,466,3313929,,125,468
,,,126,224,1645581,,126,260,,,126,574,4058481,,126,464,3300141,,126,467
,,,127,221,1624899,,127,258,,,127,572,4044693,,127,462,3286353,,127,465
,,,128,219,1611111,,128,255,,,128,569,4024011,,128,461,3279459,,128,463
,,,129,216,1590429,,129,252,,,129,567,4010223,,129,459,3265671,,129,461
,,,130,213,1569747,,130,250,,,130,565,3996435,,130,457,3251883,,130,460
,,,131,211,1555959,,131,247,,,131,563,3982647,,131,455,3238095,,131,458
,,,132,208,1535277,,132,244,,,132,561,3968859,,132,454,3231201,,132,456
,,,133,206,1521489,,133,242,,,133,559,3955071,,133,452,3217413,,133,454
,,,134,203,1500807,,134,239,,,134,557,3941283,,134,450,3203625,,134,453
,,,135,201,1487019,,135,237,,,135,554,3920601,,135,449,3196731,,135,451
,,,136,198,1466337,,136,234,,,136,552,3906813,,136,447,3182943,,136,449
,,,137,196,1452549,,137,232,,,137,550,3893025,,137,445,3169155,,137,448
,,,138,193,1431867,,138,229,,,138,548,3879237,,138,444,3162261,,138,446
,,,139,191,1418079,,139,227,,,139,546,3865449,,139,442,3148473,,139,445
,,,140,189,1404291,,140,224,,,140,544,3851661,,140,440,3134685,,140,443
,,,141,186,1383609,,141,222,,,141,542,3837873,,141,439,3127791,,141,441
,,,142,184,1369821,,142,220,,,142,540,3824085,,142,437,3114003,,142,440
,,,143,182,1356033,,143,217,,,143,538,3810297,,143,436,3107109,,143,438
,,,144,180,1342245,,144,215,,,144,536,3796509,,144,434,3093321,,144,436
,,,145,178,1328457,,145,213,,,145,534,3782721,,145,432,3079533,,145,435
,,,146,175,1307775,,146,210,,,146,532,3768933,,146,431,3072639,,146,433
,,,147,173,1293987,,147,208,,,147,530,3755145,,147,429,3058851,,147,432
,,,148,171,1280199,,148,206,,,148,528,3741357,,148,428,3051957,,148,430
,,,149,169,1266411,,149,204,,,149,526,3727569,,149,426,3038169,,149,429
,,,150,167,1252623,,150,202,,,150,524,3713781,,150,425,3031275,,150,427
,,,151,165,1238835,,151,199,,,151,522,3699993,,151,423,3017487,,151,426
,,,152,163,1225047,,152,197,,,152,520,3686205,,152,422,3010593,,152,424
,,,153,161,1211259,,153,195,,,153,518,3672417,,153,420,2996805,,153,423
,,,154,159,1197471,,154,193,,,154,517,3665523,,154,418,2983017,,154,421
,,,155,157,1183683,,155,191,,,155,515,3651735,,155,417,2976123,,155,420
,,,156,155,1169895,,156,189,,,156,513,3637947,,156,416,2969229,,156,418
,,,157,153,1156107,,157,187,,,157,511,3624159,,157,414,2955441,,157,417
,,,158,151,1142319,,158,185,,,158,509,3610371,,158,413,2948547,,158,415
,,,159,150,1135425,,159,183,,,159,507,3596583,,159,411,2934759,,159,414
,,,160,148,1121637,,160,181,,,160,505,3582795,,160,410,2927865,,160,412
,,,161,146,1107849,,161,179,,,161,503,3569007,,161,408,2914077,,161,411
,,,162,144,1094061,,162,177,,,162,502,3562113,,162,407,2907183,,162,409
,,,163,142,1080273,,163,176,,,163,500,3548325,,163,405,2893395,,163,408
,,,164,141,1073379,,164,174,,,164,498,3534537,,164,404,2886501,,164,407
,,,165,139,1059591,,165,172,,,165,496,3520749,,165,403,2879607,,165,405
,,,166,137,1045803,,166,170,,,166,495,3513855,,166,401,2865819,,166,404
,,,167,136,1038909,,167,168,,,167,493,3500067,,167,400,2858925,,167,402
,,,168,134,1025121,,168,166,,,168,491,3486279,,168,398,2845137,,168,401
,,,169,132,1011333,,169,165,,,169,489,3472491,,169,397,2838243,,169,399
,,,170,131,1004439,,170,163,,,170,487,3458703,,170,396,2831349,,170,398
,,,171,129,990651,,171,161,,,171,486,3451809,,171,394,2817561,,171,397
,,,172,128,983757,,172,160,,,172,484,3438021,,172,393,2810667,,172,395
,,,173,126,969969,,173,158,,,173,482,3424233,,173,391,2796879,,173,394
,,,174,124,956181,,174,156,,,174,481,3417339,,174,390,2789985,,174,393
,,,175,123,949287,,175,155,,,175,479,3403551,,175,389,2783091,,175,391
,,,176,121,935499,,176,153,,,176,477,3389763,,176,387,2769303,,176,390
,,,177,120,928605,,177,151,,,177,476,3382869,,177,386,2762409,,177,389
,,,178,119,921711,,178,150,,,178,474,3369081,,178,385,2755515,,178,387
,,,179,117,907923,,179,148,,,179,472,3355293,,179,385,2755515,,179,386
,,,180,116,901029,,180,147,,,180,471,3348399,,180,383,2741727,,180,385
,,,181,114,887241,,181,145,,,181,469,3334611,,181,382,2734833,,181,384
,,,182,113,880347,,182,143,,,182,467,3320823,,182,381,2727939,,182,382
,,,183,111,866559,,183,142,,,183,466,3313929,,183,380,2721045,,183,381
,,,184,110,859665,,184,140,,,184,464,3300141,,184,378,2707257,,184,380
,,,185,109,852771,,185,139,,,185,462,3286353,,185,377,2700363,,185,379
,,,186,108,845877,,186,138,,,186,461,3279459,,186,376,2693469,,186,377
,,,187,106,832089,,187,136,,,187,459,3265671,,187,374,2679681,,187,376
,,,188,105,825195,,188,135,,,188,458,3258777,,188,373,2672787,,188,375
,,,189,104,818301,,189,133,,,189,456,3244989,,189,372,2665893,,189,374
,,,190,102,804513,,190,132,,,190,454,3231201,,190,371,2658999,,190,372
,,,191,101,797619,,191,130,,,191,453,3224307,,191,370,2652105,,191,371
,,,192,100,790725,,192,129,,,192,451,3210519,,192,368,2638317,,192,370
,,,193,99,783831,,193,128,,,193,450,3203625,,193,367,2631423,,193,369
,,,194,98,776937,,194,126,,,194,448,3189837,,194,366,2624529,,194,368
,,,195,96,763149,,195,125,,,195,447,3182943,,195,365,2617635,,195,366
,,,196,95,756255,,196,124,,,196,445,3169155,,196,363,2603847,,196,365
,,,197,94,749361,,197,122,,,197,444,3162261,,197,362,2596953,,197,364
,,,198,93,742467,,198,121,,,198,442,3148473,,198,361,2590059,,198,363
,,,199,92,735573,,199,120,,,199,441,3141579,,199,360,2583165,,199,362
,,,200,91,728679,,200,118,,,200,439,3127791,,200,359,2576271,,200,361
,,,201,89,714891,,201,117,,,201,438,3120897,,201,358,2569377,,201,359
,,,202,88,707997,,202,116,,,202,436,3107109,,202,356,2555589,,202,358
,,,203,87,701103,,203,115,,,203,435,3100215,,203,355,2548695,,203,357
,,,204,86,694209,,204,113,,,204,433,3086427,,204,354,2541801,,204,356
,,,205,85,687315,,205,112,,,205,432,3079533,,205,353,2534907,,205,355
,,,206,84,680421,,206,111,,,206,430,3065745,,206,352,2528013,,206,354
,,,207,83,673527,,207,110,,,207,429,3058851,,207,351,2521119,,207,353
,,,208,82,666633,,208,109,,,208,427,3045063,,208,349,2507331,,208,351
,,,209,81,659739,,209,108,,,209,426,3038169,,209,348,2500437,,209,350
,,,210,80,652845,,210,106,,,210,425,3031275,,210,347,2493543,,210,349
,,,211,79,645951,,211,105,,,211,423,3017487,,211,346,2486649,,211,348
,,,212,78,639057,,212,104,,,212,422,3010593,,212,345,2479755,,212,347
,,,213,77,632163,,213,103,,,213,420,2996805,,213,344,2472861,,213,346
,,,214,76,625269,,214,102,,,214,419,2989911,,214,343,2465967,,214,345
,,,215,75,618375,,215,101,,,215,418,2983017,,215,342,2459073,,215,344
,,,216,74,611481,,216,100,,,216,416,2969229,,216,341,2452179,,216,343
,,,217,73,604587,,217,99,,,217,415,2962335,,217,340,2445285,,217,342
,,,218,72,597693,,218,98,,,218,413,2948547,,218,339,2438391,,218,341
,,,219,71,590799,,219,97,,,219,412,2941653,,219,338,2431497,,219,340
,,,220,71,590799,,220,95,,,220,411,2934759,,220,336,2417709,,220,338
,,,221,70,583905,,221,94,,,221,409,2920971,,221,335,2410815,,221,337
,,,222,69,577011,,222,93,,,222,408,2914077,,222,334,2403921,,222,336
,,,223,68,570117,,223,92,,,223,407,2907183,,223,333,2397027,,223,335
,,,224,67,563223,,224,91,,,224,405,2893395,,224,332,2390133,,224,334
,,,225,66,556329,,225,90,,,225,404,2886501,,225,331,2383239,,225,333
,,,226,65,549435,,226,89,,,226,403,2879607,,226,330,2376345,,226,332
,,,227,65,549435,,227,88,,,227,401,2865819,,227,329,2369451,,227,331
,,,228,64,542541,,228,88,,,228,400,2858925,,228,328,2362557,,228,330
,,,229,63,535647,,229,87,,,229,399,2852031,,229,327,2355663,,229,329
,,,230,62,528753,,230,86,,,230,398,2845137,,230,326,2348769,,230,328
,,,231,61,521859,,231,85,,,231,396,2831349,,231,325,2341875,,231,327
,,,232,61,521859,,232,84,,,232,395,2824455,,232,324,2334981,,232,326
,,,233,60,514965,,233,83,,,233,394,2817561,,233,323,2328087,,233,325
,,,234,59,508071,,234,82,,,234,392,2803773,,234,322,2321193,,234,324
,,,235,58,501177,,235,81,,,235,391,2796879,,235,321,2314299,,235,323
,,,236,58,501177,,236,80,,,236,390,2789985,,236,320,2307405,,236,322
,,,237,57,494283,,237,79,,,237,389,2783091,,237,319,2300511,,237,321
,,,238,56,487389,,238,79,,,238,387,2769303,,238,318,2293617,,238,320
,,,239,55,480495,,239,78,,,239,386,2762409,,239,317,2286723,,239,319
,,,240,55,480495,,240,77,,,240,385,2755515,,240,316,2279829,,240,318
,,,241,54,473601,,241,76,,,241,384,2748621,,241,315,2272935,,241,318
,,,242,53,466707,,242,75,,,242,383,2741727,,242,314,2266041,,242,316
,,,243,53,466707,,243,74,,,243,381,2727939,,243,314,2266041,,243,316
,,,244,52,459813,,244,74,,,244,380,2721045,,244,312,2252253,,244,315
,,,245,52,459813,,245,73,,,245,379,2714151,,245,312,2252253,,245,314
,,,246,51,452919,,246,72,,,246,378,2707257,,246,311,2245359,,246,313
,,,247,50,446025,,247,71,,,247,377,2700363,,247,310,2238465,,247,312
,,,248,50,446025,,248,70,,,248,375,2686575,,248,309,2231571,,248,311
,,,249,49,439131,,249,70,,,249,374,2679681,,249,308,2224677,,249,310
,,,250,48,432237,,250,69,,,250,373,2672787,,250,307,2217783,,250,309
,,,251,48,432237,,251,68,,,251,372,2665893,,251,306,2210889,,251,308
,,,252,47,425343,,252,67,,,252,371,2658999,,252,305,2203995,,252,307
,,,253,47,425343,,253,67,,,253,370,2652105,,253,304,2197101,,253,306
,,,254,46,418449,,254,66,,,254,369,2645211,,254,303,2190207,,254,306
,,,255,46,418449,,255,65,,,255,367,2631423,,255,302,2183313,,255,305
,,,256,45,411555,,256,65,,,256,366,2624529,,256,302,2183313,,256,304
,,,257,45,411555,,257,64,,,257,365,2617635,,257,301,2176419,,257,303
,,,258,44,404661,,258,63,,,258,364,2610741,,258,300,2169525,,258,302
,,,259,43,397767,,259,62,,,259,363,2603847,,259,299,2162631,,259,301
,,,260,43,397767,,260,62,,,260,362,2596953,,260,298,2155737,,260,300
,,,261,42,390873,,261,61,,,261,361,2590059,,261,297,2148843,,261,299
,,,262,42,390873,,262,60,,,262,360,2583165,,262,296,2141949,,262,299
,,,263,41,383979,,263,60,,,263,359,2576271,,263,295,2135055,,263,298
,,,264,40,377085,,264,59,,,264,357,2562483,,264,295,2135055,,264,297
,,,265,40,377085,,265,59,,,265,356,2555589,,265,294,2128161,,265,296
,,,266,40,377085,,266,58,,,266,355,2548695,,266,293,2121267,,266,295
,,,267,39,370191,,267,57,,,267,354,2541801,,267,292,2114373,,267,294
,,,268,39,370191,,268,57,,,268,353,2534907,,268,291,2107479,,268,293
,,,269,39,370191,,269,56,,,269,352,2528013,,269,290,2100585,,269,293
,,,270,38,363297,,270,55,,,270,351,2521119,,270,289,2093691,,270,292
,,,271,38,363297,,271,55,,,271,350,2514225,,271,289,2093691,,271,291
,,,272,37,356403,,272,54,,,272,349,2507331,,272,288,2086797,,272,290
,,,273,36,349509,,273,54,,,273,348,2500437,,273,287,2079903,,273,289
,,,274,36,349509,,274,53,,,274,347,2493543,,274,286,2073009,,274,288
,,,275,35,342615,,275,52,,,275,346,2486649,,275,285,2066115,,275,288
,,,276,35,342615,,276,52,,,276,345,2479755,,276,284,2059221,,276,287
,,,277,35,342615,,277,52,,,277,344,2472861,,277,284,2059221,,277,286
,,,278,34,335721,,278,51,,,278,343,2465967,,278,283,2052327,,278,285
,,,279,34,335721,,279,50,,,279,342,2459073,,279,282,2045433,,279,284
,,,280,34,335721,,280,50,,,280,341,2452179,,280,281,2038539,,280,284
,,,281,33,328827,,281,49,,,281,340,2445285,,281,280,2031645,,281,283
,,,282,33,328827,,282,49,,,282,339,2438391,,282,280,2031645,,282,282
,,,283,33,328827,,283,49,,,283,338,2431497,,283,279,2024751,,283,281
,,,284,32,321933,,284,48,,,284,337,2424603,,284,278,2017857,,284,280
,,,285,32,321933,,285,47,,,285,336,2417709,,285,277,2010963,,285,280
,,,286,31,315039,,286,47,,,286,335,2410815,,286,277,2010963,,286,279
,,,287,31,315039,,287,46,,,287,334,2403921,,287,276,2004069,,287,278
,,,288,31,315039,,288,46,,,288,333,2397027,,288,275,1997175,,288,277
,,,289,30,308145,,289,46,,,289,332,2390133,,289,274,1990281,,289,277
,,,290,30,308145,,290,45,,,290,331,2383239,,290,273,1983387,,290,276
,,,291,30,308145,,291,45,,,291,330,2376345,,291,273,1983387,,291,275
,,,292,29,301251,,292,44,,,292,329,2369451,,292,272,1976493,,292,274
,,,293,29,301251,,293,43,,,293,328,2362557,,293,271,1969599,,293,273
,,,294,28,294357,,294,43,,,294,327,2355663,,294,270,1962705,,294,273
,,,295,28,294357,,295,42,,,295,326,2348769,,295,269,1955811,,295,272
,,,296,28,294357,,296,42,,,296,325,2341875,,296,269,1955811,,296,271
,,,297,27,287463,,297,42,,,297,324,2334981,,297,268,1948917,,297,271
,,,298,27,287463,,298,41,,,298,323,2328087,,298,267,1942023,,298,270
,,,299,27,287463,,299,41,,,299,322,2321193,,299,267,1942023,,299,269
,,,300,26,280569,,300,41,,,300,321,2314299,,300,267,1942023,,300,268
,,,301,26,280569,,301,40,,,301,320,2307405,,301,266,1935129,,301,267
,,,302,26,280569,,302,40,,,302,320,2307405,,302,265,1928235,,302,267
,,,303,26,280569,,303,39,,,303,319,2300511,,303,264,1921341,,303,266
,,,304,25,273675,,304,39,,,304,318,2293617,,304,263,1914447,,304,265
,,,305,25,273675,,305,39,,,305,317,2286723,,305,263,1914447,,305,265
,,,306,25,273675,,306,38,,,306,316,2279829,,306,262,1907553,,306,264
,,,307,24,266781,,307,38,,,307,315,2272935,,307,261,1900659,,307,263
,,,308,24,266781,,308,37,,,308,314,2266041,,308,261,1900659,,308,263
,,,309,24,266781,,309,37,,,309,313,2259147,,309,260,1893765,,309,262
,,,310,23,259887,,310,37,,,310,312,2252253,,310,259,1886871,,310,261
,,,311,23,259887,,311,36,,,311,311,2245359,,311,259,1886871,,311,260
,,,312,23,259887,,312,36,,,312,311,2245359,,312,258,1879977,,312,260
,,,313,23,259887,,313,35,,,313,310,2238465,,313,257,1873083,,313,259
,,,314,22,252993,,314,35,,,314,309,2231571,,314,257,1873083,,314,258
,,,315,22,252993,,315,35,,,315,308,2224677,,315,256,1866189,,315,258
,,,316,22,252993,,316,34,,,316,307,2217783,,316,255,1859295,,316,257
,,,317,22,252993,,317,34,,,317,306,2210889,,317,255,1859295,,317,256
,,,318,21,246099,,318,33,,,318,305,2203995,,318,254,1852401,,318,256
,,,319,21,246099,,319,33,,,319,304,2197101,,319,253,1845507,,319,255
,,,320,21,246099,,320,33,,,320,304,2197101,,320,253,1845507,,320,254
,,,321,21,246099,,321,32,,,321,303,2190207,,321,252,1838613,,321,254
,,,322,20,239205,,322,32,,,322,302,2183313,,322,251,1831719,,322,253
,,,323,20,239205,,323,32,,,323,301,2176419,,323,250,1824825,,323,252
,,,324,20,239205,,324,31,,,324,300,2169525,,324,250,1824825,,324,252
,,,325,20,239205,,325,31,,,325,299,2162631,,325,249,1817931,,325,251
,,,326,19,232311,,326,31,,,326,299,2162631,,326,248,1811037,,326,250
,,,327,19,232311,,327,30,,,327,298,2155737,,327,248,1811037,,327,250
,,,328,19,232311,,328,30,,,328,297,2148843,,328,247,1804143,,328,249
,,,329,19,232311,,329,30,,,329,296,2141949,,329,246,1797249,,329,248
,,,330,19,232311,,330,29,,,330,295,2135055,,330,246,1797249,,330,248
,,,331,18,225417,,331,29,,,331,295,2135055,,331,245,1790355,,331,247
,,,332,18,225417,,332,29,,,332,294,2128161,,332,244,1783461,,332,246
,,,333,18,225417,,333,29,,,333,293,2121267,,333,244,1783461,,333,246
,,,334,18,225417,,334,28,,,334,292,2114373,,334,243,1776567,,334,245
,,,335,18,225417,,335,28,,,335,291,2107479,,335,242,1769673,,335,245
,,,336,17,218523,,336,28,,,336,290,2100585,,336,242,1769673,,336,244
,,,337,17,218523,,337,27,,,337,289,2093691,,337,241,1762779,,337,243
,,,338,17,218523,,338,27,,,338,289,2093691,,338,240,1755885,,338,243
,,,339,17,218523,,339,27,,,339,288,2086797,,339,240,1755885,,339,242
,,,340,17,218523,,340,27,,,340,287,2079903,,340,239,1748991,,340,241
,,,341,16,211629,,341,26,,,341,286,2073009,,341,239,1748991,,341,241
,,,342,16,211629,,342,26,,,342,286,2073009,,342,238,1742097,,342,240
,,,343,16,211629,,343,26,,,343,285,2066115,,343,237,1735203,,343,240
,,,344,16,211629,,344,25,,,344,284,2059221,,344,237,1735203,,344,239
,,,345,16,211629,,345,25,,,345,283,2052327,,345,236,1728309,,345,238
,,,346,15,204735,,346,25,,,346,283,2052327,,346,235,1721415,,346,238
,,,347,15,204735,,347,25,,,347,282,2045433,,347,235,1721415,,347,237
,,,348,15,204735,,348,24,,,348,281,2038539,,348,235,1721415,,348,236
,,,349,15,204735,,349,24,,,349,280,2031645,,349,234,1714521,,349,236
,,,350,15,204735,,350,24,,,350,280,2031645,,350,233,1707627,,350,235
,,,351,15,204735,,351,24,,,351,279,2024751,,351,233,1707627,,351,235
,,,352,14,197841,,352,23,,,352,278,2017857,,352,232,1700733,,352,234
,,,353,14,197841,,353,23,,,353,277,2010963,,353,231,1693839,,353,234
,,,354,14,197841,,354,23,,,354,277,2010963,,354,231,1693839,,354,233
,,,355,14,197841,,355,23,,,355,276,2004069,,355,230,1686945,,355,233
,,,356,14,197841,,356,22,,,356,275,1997175,,356,230,1686945,,356,232
,,,357,14,197841,,357,22,,,357,274,1990281,,357,229,1680051,,357,231
,,,358,14,197841,,358,22,,,358,274,1990281,,358,228,1673157,,358,231
,,,359,13,190947,,359,22,,,359,273,1983387,,359,228,1673157,,359,230
,,,360,13,190947,,360,21,,,360,272,1976493,,360,227,1666263,,360,230
,,,361,13,190947,,361,21,,,361,271,1969599,,361,227,1666263,,361,229
,,,362,13,190947,,362,21,,,362,271,1969599,,362,226,1659369,,362,228
,,,363,13,190947,,363,21,,,363,270,1962705,,363,225,1652475,,363,228
,,,364,13,190947,,364,21,,,364,269,1955811,,364,225,1652475,,364,228
,,,365,13,190947,,365,20,,,365,269,1955811,,365,225,1652475,,365,227
,,,366,12,184053,,366,20,,,366,268,1948917,,366,224,1645581,,366,226
,,,367,12,184053,,367,20,,,367,267,1942023,,367,223,1638687,,367,226
,,,368,12,184053,,368,20,,,368,267,1942023,,368,223,1638687,,368,225
,,,369,12,184053,,369,20,,,369,266,1935129,,369,222,1631793,,369,225
,,,370,12,184053,,370,19,,,370,265,1928235,,370,222,1631793,,370,224
,,,371,12,184053,,371,19,,,371,264,1921341,,371,221,1624899,,371,223
,,,372,12,184053,,372,19,,,372,264,1921341,,372,220,1618005,,372,223
,,,373,11,177159,,373,19,,,373,263,1914447,,373,220,1618005,,373,222
,,,374,11,177159,,374,19,,,374,262,1907553,,374,220,1618005,,374,222
,,,375,11,177159,,375,18,,,375,262,1907553,,375,219,1611111,,375,222
,,,376,11,177159,,376,18,,,376,261,1900659,,376,218,1604217,,376,221
,,,377,11,177159,,377,18,,,377,260,1893765,,377,218,1604217,,377,220
,,,378,11,177159,,378,18,,,378,259,1886871,,378,217,1597323,,378,220
,,,379,11,177159,,379,18,,,379,259,1886871,,379,217,1597323,,379,219
,,,380,11,177159,,380,17,,,380,258,1879977,,380,216,1590429,,380,219
,,,381,11,177159,,381,17,,,381,257,1873083,,381,216,1590429,,381,218
,,,382,10,170265,,382,17,,,382,257,1873083,,382,215,1583535,,382,218
,,,383,10,170265,,383,17,,,383,256,1866189,,383,214,1576641,,383,217
,,,384,10,170265,,384,17,,,384,256,1866189,,384,214,1576641,,384,217
,,,385,10,170265,,385,17,,,385,255,1859295,,385,214,1576641,,385,216
,,,386,10,170265,,386,16,,,386,254,1852401,,386,213,1569747,,386,216
,,,387,10,170265,,387,16,,,387,254,1852401,,387,213,1569747,,387,215
,,,388,10,170265,,388,16,,,388,253,1845507,,388,212,1562853,,388,214
,,,389,10,170265,,389,16,,,389,252,1838613,,389,211,1555959,,389,214
,,,390,10,170265,,390,16,,,390,252,1838613,,390,211,1555959,,390,214
,,,391,9,163371,,391,16,,,391,251,1831719,,391,211,1555959,,391,213
,,,392,9,163371,,392,15,,,392,250,1824825,,392,210,1549065,,392,213
,,,393,9,163371,,393,15,,,393,250,1824825,,393,210,1549065,,393,212
,,,394,9,163371,,394,15,,,394,249,1817931,,394,209,1542171,,394,212
,,,395,9,163371,,395,15,,,395,248,1811037,,395,208,1535277,,395,211
,,,396,9,163371,,396,15,,,396,248,1811037,,396,208,1535277,,396,210
,,,397,9,163371,,397,15,,,397,248,1811037,,397,207,1528383,,397,210
,,,398,9,163371,,398,15,,,398,247,1804143,,398,207,1528383,,398,210
,,,399,9,163371,,399,14,,,399,246,1797249,,399,207,1528383,,399,209
,,,400,9,163371,,400,14,,,400,245,1790355,,400,206,1521489,,400,209
,,,401,9,163371,,401,14,,,401,245,1790355,,401,205,1514595,,401,208
,,,402,8,156477,,402,14,,,402,244,1783461,,402,205,1514595,,402,207
,,,403,8,156477,,403,14,,,403,243,1776567,,403,204,1507701,,403,207
,,,404,8,156477,,404,14,,,404,243,1776567,,404,204,1507701,,404,207
,,,405,8,156477,,405,14,,,405,243,1776567,,405,204,1507701,,405,206
,,,406,8,156477,,406,13,,,406,242,1769673,,406,203,1500807,,406,206
,,,407,8,156477,,407,13,,,407,241,1762779,,407,203,1500807,,407,206
,,,408,8,156477,,408,13,,,408,241,1762779,,408,202,1493913,,408,205
,,,409,8,156477,,409,13,,,409,240,1755885,,409,201,1487019,,409,205
,,,410,8,156477,,410,13,,,410,239,1748991,,410,201,1487019,,410,204
,,,411,8,156477,,411,13,,,411,239,1748991,,411,200,1480125,,411,203
,,,412,8,156477,,412,13,,,412,238,1742097,,412,200,1480125,,412,203
,,,413,8,156477,,413,12,,,413,238,1742097,,413,200,1480125,,413,202
,,,414,7,149583,,414,12,,,414,237,1735203,,414,199,1473231,,414,202
,,,415,7,149583,,415,12,,,415,236,1728309,,415,199,1473231,,415,202
,,,416,7,149583,,416,12,,,416,236,1728309,,416,198,1466337,,416,201
,,,417,7,149583,,417,12,,,417,235,1721415,,417,198,1466337,,417,201
,,,418,7,149583,,418,12,,,418,235,1721415,,418,197,1459443,,418,201
,,,419,7,149583,,419,12,,,419,234,1714521,,419,197,1459443,,419,200
,,,420,7,149583,,420,12,,,420,233,1707627,,420,196,1452549,,420,199
,,,421,7,149583,,421,12,,,421,233,1707627,,421,196,1452549,,421,198
,,,422,7,149583,,422,11,,,422,233,1707627,,422,195,1445655,,422,198
,,,423,7,149583,,423,11,,,423,232,1700733,,423,195,1445655,,423,198
,,,424,7,149583,,424,11,,,424,231,1693839,,424,195,1445655,,424,197
,,,425,7,149583,,425,11,,,425,231,1693839,,425,194,1438761,,425,197
,,,426,7,149583,,426,11,,,426,230,1686945,,426,194,1438761,,426,197
,,,427,7,149583,,427,11,,,427,230,1686945,,427,193,1431867,,427,196
,,,428,6,142689,,428,11,,,428,229,1680051,,428,193,1431867,,428,196
,,,429,6,142689,,429,11,,,429,228,1673157,,429,193,1431867,,429,196
,,,430,6,142689,,430,11,,,430,228,1673157,,430,192,1424973,,430,195
,,,431,6,142689,,431,10,,,431,228,1673157,,431,192,1424973,,431,195
,,,432,6,142689,,432,10,,,432,227,1666263,,432,191,1418079,,432,194
,,,433,6,142689,,433,10,,,433,226,1659369,,433,191,1418079,,433,194
,,,434,6,142689,,434,10,,,434,226,1659369,,434,190,1411185,,434,193
,,,435,6,142689,,435,10,,,435,225,1652475,,435,190,1411185,,435,193
,,,436,6,142689,,436,10,,,436,225,1652475,,436,190,1411185,,436,193
,,,437,6,142689,,437,10,,,437,224,1645581,,437,189,1404291,,437,192
,,,438,6,142689,,438,10,,,438,224,1645581,,438,189,1404291,,438,192
,,,439,6,142689,,439,10,,,439,223,1638687,,439,188,1397397,,439,191
,,,440,6,142689,,440,10,,,440,222,1631793,,440,188,1397397,,440,191
,,,441,6,142689,,441,10,,,441,222,1631793,,441,187,1390503,,441,190
,,,442,6,142689,,442,9,,,442,222,1631793,,442,187,1390503,,442,190
,,,443,6,142689,,443,9,,,443,221,1624899,,443,187,1390503,,443,190
,,,444,6,142689,,444,9,,,444,220,1618005,,444,186,1383609,,444,189
,,,445,5,135795,,445,9,,,445,220,1618005,,445,186,1383609,,445,189
,,,446,5,135795,,446,9,,,446,219,1611111,,446,185,1376715,,446,188
,,,447,5,135795,,447,9,,,447,219,1611111,,447,185,1376715,,447,188
,,,448,5,135795,,448,9,,,448,219,1611111,,448,185,1376715,,448,187
,,,449,5,135795,,449,9,,,449,218,1604217,,449,184,1369821,,449,187
,,,450,5,135795,,450,9,,,450,217,1597323,,450,184,1369821,,450,187
,,,451,5,135795,,451,9,,,451,217,1597323,,451,183,1362927,,451,186
,,,452,5,135795,,452,9,,,452,216,1590429,,452,183,1362927,,452,186
,,,453,5,135795,,453,8,,,453,216,1590429,,453,183,1362927,,453,185
,,,454,5,135795,,454,8,,,454,216,1590429,,454,182,1356033,,454,185
,,,455,5,135795,,455,8,,,455,215,1583535,,455,182,1356033,,455,185
,,,456,5,135795,,456,8,,,456,214,1576641,,456,181,1349139,,456,184
,,,457,5,135795,,457,8,,,457,214,1576641,,457,181,1349139,,457,184
,,,458,5,135795,,458,8,,,458,213,1569747,,458,181,1349139,,458,183
,,,459,5,135795,,459,8,,,459,213,1569747,,459,180,1342245,,459,183
,,,460,5,135795,,460,8,,,460,212,1562853,,460,180,1342245,,460,183
,,,461,5,135795,,461,8,,,461,212,1562853,,461,179,1335351,,461,182
,,,462,5,135795,,462,8,,,462,212,1562853,,462,179,1335351,,462,182
,,,463,5,135795,,463,8,,,463,211,1555959,,463,178,1328457,,463,181
,,,464,5,135795,,464,8,,,464,210,1549065,,464,178,1328457,,464,181
,,,465,5,135795,,465,8,,,465,210,1549065,,465,178,1328457,,465,181
,,,466,4,128901,,466,7,,,466,209,1542171,,466,177,1321563,,466,180
,,,467,4,128901,,467,7,,,467,209,1542171,,467,177,1321563,,467,180
,,,468,4,128901,,468,7,,,468,209,1542171,,468,177,1321563,,468,179
,,,469,4,128901,,469,7,,,469,208,1535277,,469,176,1314669,,469,179
,,,470,4,128901,,470,7,,,470,208,1535277,,470,176,1314669,,470,179
,,,471,4,128901,,471,7,,,471,207,1528383,,471,175,1307775,,471,178
,,,472,4,128901,,472,7,,,472,206,1521489,,472,175,1307775,,472,178
,,,473,4,128901,,473,7,,,473,206,1521489,,473,175,1307775,,473,178
,,,474,4,128901,,474,7,,,474,205,1514595,,474,174,1300881,,474,177
,,,475,4,128901,,475,7,,,475,205,1514595,,475,174,1300881,,475,177
,,,476,4,128901,,476,7,,,476,205,1514595,,476,173,1293987,,476,176
,,,477,4,128901,,477,7,,,477,204,1507701,,477,173,1293987,,477,176
,,,478,4,128901,,478,7,,,478,204,1507701,,478,173,1293987,,478,176
,,,479,4,128901,,479,7,,,479,204,1507701,,479,172,1287093,,479,175
,,,480,4,128901,,480,7,,,480,203,1500807,,480,172,1287093,,480,175
,,,481,4,128901,,481,7,,,481,203,1500807,,481,172,1287093,,481,175
,,,482,4,128901,,482,6,,,482,202,1493913,,482,171,1280199,,482,174
,,,483,4,128901,,483,6,,,483,201,1487019,,483,171,1280199,,483,174
,,,484,4,128901,,484,6,,,484,201,1487019,,484,171,1280199,,484,173
,,,485,4,128901,,485,6,,,485,200,1480125,,485,170,1273305,,485,173
,,,486,4,128901,,486,6,,,486,200,1480125,,486,170,1273305,,486,173
,,,487,4,128901,,487,6,,,487,200,1480125,,487,169,1266411,,487,172
,,,488,4,128901,,488,6,,,488,199,1473231,,488,169,1266411,,488,172
,,,489,4,128901,,489,6,,,489,199,1473231,,489,169,1266411,,489,172
,,,490,4,128901,,490,6,,,490,199,1473231,,490,168,1259517,,490,171
,,,491,4,128901,,491,6,,,491,198,1466337,,491,168,1259517,,491,171
,,,492,4,128901,,492,6,,,492,198,1466337,,492,168,1259517,,492,170
,,,493,3,122007,,493,6,,,493,197,1459443,,493,167,1252623,,493,170
,,,494,3,122007,,494,6,,,494,197,1459443,,494,167,1252623,,494,170
,,,495,3,122007,,495,6,,,495,196,1452549,,495,167,1252623,,495,169
,,,496,3,122007,,496,6,,,496,196,1452549,,496,166,1245729,,496,169
,,,497,3,122007,,497,6,,,497,196,1452549,,497,166,1245729,,497,169
,,,498,3,122007,,498,6,,,498,195,1445655,,498,165,1238835,,498,168
,,,499,3,122007,,499,6,,,499,195,1445655,,499,165,1238835,,499,168
,,,500,3,122007,,500,5,,,500,194,1438761,,500,165,1238835,,500,168
,,,501,3,122007,,501,5,,,501,194,1438761,,501,164,1231941,,501,167
,,,502,3,122007,,502,5,,,502,193,1431867,,502,164,1231941,,502,167
,,,503,3,122007,,503,5,,,503,193,1431867,,503,164,1231941,,503,167
,,,504,3,122007,,504,5,,,504,193,1431867,,504,163,1225047,,504,166
,,,505,3,122007,,505,5,,,505,192,1424973,,505,163,1225047,,505,166
,,,506,3,122007,,506,5,,,506,192,1424973,,506,163,1225047,,506,166
,,,507,3,122007,,507,5,,,507,191,1418079,,507,162,1218153,,507,165
,,,508,3,122007,,508,5,,,508,191,1418079,,508,162,1218153,,508,165
,,,509,3,122007,,509,5,,,509,190,1411185,,509,162,1218153,,509,165
,,,510,3,122007,,510,5,,,510,190,1411185,,510,161,1211259,,510,164
,,,511,3,122007,,511,5,,,511,190,1411185,,511,161,1211259,,511,164
,,,512,3,122007,,512,5,,,512,189,1404291,,512,161,1211259,,512,163
,,,513,3,122007,,513,5,,,513,189,1404291,,513,160,1204365,,513,163
,,,514,3,122007,,514,5,,,514,188,1397397,,514,160,1204365,,514,163
,,,515,3,122007,,515,5,,,515,188,1397397,,515,160,1204365,,515,162
,,,516,3,122007,,516,5,,,516,187,1390503,,516,159,1197471,,516,162
,,,517,3,122007,,517,5,,,517,187,1390503,,517,159,1197471,,517,162
,,,518,3,122007,,518,5,,,518,187,1390503,,518,159,1197471,,518,161
,,,519,3,122007,,519,5,,,519,186,1383609,,519,158,1190577,,519,161
,,,520,3,122007,,520,5,,,520,186,1383609,,520,158,1190577,,520,161
,,,521,3,122007,,521,5,,,521,185,1376715,,521,158,1190577,,521,160
,,,522,3,122007,,522,5,,,522,185,1376715,,522,157,1183683,,522,160
,,,523,3,122007,,523,4,,,523,185,1376715,,523,157,1183683,,523,160
,,,524,3,122007,,524,4,,,524,184,1369821,,524,157,1183683,,524,160
,,,525,3,122007,,525,4,,,525,184,1369821,,525,156,1176789,,525,159
,,,526,3,122007,,526,4,,,526,184,1369821,,526,156,1176789,,526,159
,,,527,3,122007,,527,4,,,527,183,1362927,,527,156,1176789,,527,159
,,,528,3,122007,,528,4,,,528,183,1362927,,528,155,1169895,,528,158
,,,529,3,122007,,529,4,,,529,182,1356033,,529,155,1169895,,529,158
,,,530,3,122007,,530,4,,,530,182,1356033,,530,155,1169895,,530,158
,,,531,2,115113,,531,4,,,531,182,1356033,,531,155,1169895,,531,157
,,,532,2,115113,,532,4,,,532,181,1349139,,532,154,1163001,,532,157
,,,533,2,115113,,533,4,,,533,181,1349139,,533,154,1163001,,533,157
,,,534,2,115113,,534,4,,,534,180,1342245,,534,154,1163001,,534,156
,,,535,2,115113,,535,4,,,535,180,1342245,,535,153,1156107,,535,156
,,,536,2,115113,,536,4,,,536,180,1342245,,536,153,1156107,,536,156
,,,537,2,115113,,537,4,,,537,179,1335351,,537,153,1156107,,537,155
,,,538,2,115113,,538,4,,,538,179,1335351,,538,152,1149213,,538,155
,,,539,2,115113,,539,4,,,539,179,1335351,,539,152,1149213,,539,155
,,,540,2,115113,,540,4,,,540,178,1328457,,540,152,1149213,,540,155
,,,541,2,115113,,541,4,,,541,178,1328457,,541,151,1142319,,541,154
,,,542,2,115113,,542,4,,,542,177,1321563,,542,151,1142319,,542,154
,,,543,2,115113,,543,4,,,543,177,1321563,,543,151,1142319,,543,154
,,,544,2,115113,,544,4,,,544,177,1321563,,544,150,1135425,,544,153
,,,545,2,115113,,545,4,,,545,176,1314669,,545,150,1135425,,545,153
,,,546,2,115113,,546,4,,,546,176,1314669,,546,150,1135425,,546,153
,,,547,2,115113,,547,4,,,547,176,1314669,,547,150,1135425,,547,152
,,,548,2,115113,,548,4,,,548,175,1307775,,548,149,1128531,,548,152
,,,549,2,115113,,549,4,,,549,175,1307775,,549,149,1128531,,549,152
,,,550,2,115113,,550,4,,,550,174,1300881,,550,149,1128531,,550,151
,,,551,2,115113,,551,4,,,551,174,1300881,,551,148,1121637,,551,151
,,,552,2,115113,,552,3,,,552,174,1300881,,552,148,1121637,,552,151
,,,553,2,115113,,553,3,,,553,173,1293987,,553,148,1121637,,553,151
,,,554,2,115113,,554,3,,,554,173,1293987,,554,148,1121637,,554,150
,,,555,2,115113,,555,3,,,555,173,1293987,,555,147,1114743,,555,150
,,,556,2,115113,,556,3,,,556,172,1287093,,556,147,1114743,,556,150
,,,557,2,115113,,557,3,,,557,172,1287093,,557,147,1114743,,557,149
,,,558,2,115113,,558,3,,,558,172,1287093,,558,146,1107849,,558,149
,,,559,2,115113,,559,3,,,559,171,1280199,,559,146,1107849,,559,149
,,,560,2,115113,,560,3,,,560,171,1280199,,560,146,1107849,,560,148
,,,561,2,115113,,561,3,,,561,170,1273305,,561,145,1100955,,561,148
,,,562,2,115113,,562,3,,,562,170,1273305,,562,145,1100955,,562,148
,,,563,2,115113,,563,3,,,563,170,1273305,,563,145,1100955,,563,148
,,,,,101325,,564,3,,,564,169,1266411,,564,145,1100955,,564,147
,,,,,101325,,565,3,,,565,169,1266411,,565,144,1094061,,565,147
,,,,,101325,,566,3,,,566,169,1266411,,566,144,1094061,,566,147
,,,,,101325,,567,3,,,567,168,1259517,,567,144,1094061,,567,147
,,,,,101325,,568,3,,,568,168,1259517,,568,143,1087167,,568,146
,,,,,101325,,569,3,,,569,168,1259517,,569,143,1087167,,569,146
,,,,,101325,,570,3,,,570,167,1252623,,570,143,1087167,,570,146
,,,,,101325,,571,3,,,571,167,1252623,,571,143,1087167,,571,145
,,,,,101325,,572,3,,,572,167,1252623,,572,142,1080273,,572,145
,,,,,101325,,573,3,,,573,166,1245729,,573,142,1080273,,573,145
,,,,,101325,,574,3,,,574,166,1245729,,574,142,1080273,,574,145
,,,,,101325,,575,3,,,575,166,1245729,,575,142,1080273,,575,144
,,,,,101325,,576,3,,,576,165,1238835,,576,141,1073379,,576,144
,,,,,101325,,577,3,,,577,165,1238835,,577,141,1073379,,577,144
,,,,,101325,,578,3,,,578,165,1238835,,578,141,1073379,,578,143
,,,,,101325,,579,3,,,579,164,1231941,,579,140,1066485,,579,143
,,,,,101325,,580,3,,,580,164,1231941,,580,140,1066485,,580,143
,,,,,101325,,581,3,,,581,164,1231941,,581,140,1066485,,581,143
,,,,,101325,,582,3,,,582,163,1225047,,582,140,1066485,,582,142
,,,,,101325,,583,3,,,583,163,1225047,,583,139,1059591,,583,142
,,,,,101325,,584,3,,,584,163,1225047,,584,139,1059591,,584,142
,,,,,101325,,585,3,,,585,162,1218153,,585,139,1059591,,585,141
,,,,,101325,,586,3,,,586,162,1218153,,586,139,1059591,,586,141
,,,,,101325,,587,3,,,587,162,1218153,,587,138,1052697,,587,141
,,,,,101325,,588,3,,,588,161,1211259,,588,138,1052697,,588,141
,,,,,101325,,589,3,,,589,161,1211259,,589,138,1052697,,589,140
,,,,,101325,,590,3,,,590,161,1211259,,590,138,1052697,,590,140
,,,,,101325,,591,3,,,591,160,1204365,,591,137,1045803,,591,140
,,,,,101325,,592,3,,,592,160,1204365,,592,137,1045803,,592,140
,,,,,101325,,593,2,,,593,160,1204365,,593,137,1045803,,593,139
,,,,,101325,,594,2,,,594,159,1197471,,594,136,1038909,,594,139
,,,,,101325,,595,2,,,595,159,1197471,,595,136,1038909,,595,139
,,,,,101325,,596,2,,,596,159,1197471,,596,136,1038909,,596,139
,,,,,101325,,597,2,,,597,158,1190577,,597,136,1038909,,597,138
,,,,,101325,,598,2,,,598,158,1190577,,598,135,1032015,,598,138
,,,,,101325,,599,2,,,599,158,1190577,,599,135,1032015,,599,138
,,,,,101325,,600,2,,,600,157,1183683,,600,135,1032015,,600,138
,,,,,101325,,601,2,,,601,157,1183683,,601,135,1032015,,601,137
,,,,,101325,,602,2,,,602,157,1183683,,602,134,1025121,,602,137
,,,,,101325,,603,2,,,603,157,1183683,,603,134,1025121,,603,137
,,,,,101325,,604,2,,,604,156,1176789,,604,134,1025121,,604,137
,,,,,101325,,605,2,,,605,156,1176789,,605,134,1025121,,605,136
,,,,,101325,,606,2,,,606,156,1176789,,606,133,1018227,,606,136
,,,,,101325,,607,2,,,607,155,1169895,,607,133,1018227,,607,136
,,,,,101325,,608,2,,,608,155,1169895,,608,133,1018227,,608,136
,,,,,101325,,609,2,,,609,155,1169895,,609,133,1018227,,609,135
,,,,,101325,,610,2,,,610,154,1163001,,610,132,1011333,,610,135
,,,,,101325,,611,2,,,611,154,1163001,,611,132,1011333,,611,135
,,,,,101325,,612,2,,,612,154,1163001,,612,132,1011333,,612,134
,,,,,101325,,613,2,,,613,154,1163001,,613,132,1011333,,613,134
,,,,,101325,,614,2,,,614,153,1156107,,614,131,1004439,,614,134
,,,,,101325,,615,2,,,615,153,1156107,,615,131,1004439,,615,134
,,,,,101325,,616,2,,,616,153,1156107,,616,131,1004439,,616,133
,,,,,101325,,617,2,,,617,152,1149213,,617,131,1004439,,617,133
,,,,,101325,,618,2,,,618,152,1149213,,618,130,997545,,618,133
,,,,,101325,,619,2,,,619,152,1149213,,619,130,997545,,619,133
,,,,,101325,,620,2,,,620,151,1142319,,620,130,997545,,620,133
,,,,,101325,,621,2,,,621,151,1142319,,621,130,997545,,621,132
,,,,,101325,,622,2,,,622,151,1142319,,622,129,990651,,622,132
,,,,,101325,,623,2,,,623,151,1142319,,623,129,990651,,623,132
,,,,,101325,,624,2,,,624,150,1135425,,624,129,990651,,624,132
,,,,,101325,,625,2,,,625,150,1135425,,625,129,990651,,625,131
,,,,,101325,,626,2,,,626,150,1135425,,626,128,983757,,626,131
,,,,,101325,,627,2,,,627,149,1128531,,627,128,983757,,627,131
,,,,,101325,,628,2,,,628,149,1128531,,628,128,983757,,628,131
,,,,,101325,,629,2,,,629,149,1128531,,629,128,983757,,629,130
,,,,,101325,,630,2,,,630,149,1128531,,630,128,983757,,630,130
,,,,,101325,,631,2,,,631,148,1121637,,631,127,976863,,631,130
,,,,,101325,,632,2,,,632,148,1121637,,632,127,976863,,632,130
,,,,,101325,,633,2,,,633,148,1121637,,633,127,976863,,633,129
,,,,,101325,,634,2,,,634,147,1114743,,634,127,976863,,634,129
,,,,,101325,,635,2,,,635,147,1114743,,635,126,969969,,635,129
,,,,,101325,,636,2,,,636,147,1114743,,636,126,969969,,636,129
,,,,,101325,,637,2,,,637,147,1114743,,637,126,969969,,637,129
,,,,,101325,,638,2,,,638,146,1107849,,638,126,969969,,638,128
,,,,,101325,,639,2,,,639,146,1107849,,639,125,963075,,639,128
,,,,,101325,,640,2,,,640,146,1107849,,640,125,963075,,640,128
,,,,,101325,,641,2,,,641,145,1100955,,641,125,963075,,641,128
,,,,,101325,,642,2,,,642,145,1100955,,642,125,963075,,642,127
,,,,,101325,,643,2,,,643,145,1100955,,643,125,963075,,643,127
,,,,,101325,,644,2,,,644,145,1100955,,644,124,956181,,644,127
,,,,,101325,,645,2,,,645,144,1094061,,645,124,956181,,645,127
,,,,,101325,,646,2,,,646,144,1094061,,646,124,956181,,646,126
,,,,,101325,,647,2,,,647,144,1094061,,647,124,956181,,647,126
,,,,,101325,,648,2,,,648,144,1094061,,648,123,949287,,648,126
,,,,,101325,,649,2,,,649,143,1087167,,649,123,949287,,649,126
,,,,,101325,,650,2,,,650,143,1087167,,650,123,949287,,650,126
,,,,,101325,,651,2,,,651,143,1087167,,651,123,949287,,651,125
,,,,,101325,,652,2,,,652,142,1080273,,652,123,949287,,652,125
,,,,,,,,,,,653,142,1080273,,653,122,942393,,653,125
,,,,,,,,,,,654,142,1080273,,654,122,942393,,654,125
,,,,,,,,,,,655,142,1080273,,655,122,942393,,655,124
,,,,,,,,,,,656,141,1073379,,656,122,942393,,656,124
,,,,,,,,,,,657,141,1073379,,657,121,935499,,657,124
,,,,,,,,,,,658,141,1073379,,658,121,935499,,658,124
,,,,,,,,,,,659,141,1073379,,659,121,935499,,659,124
,,,,,,,,,,,660,140,1066485,,660,121,935499,,660,123
,,,,,,,,,,,661,140,1066485,,661,121,935499,,661,123
,,,,,,,,,,,662,140,1066485,,662,120,928605,,662,123
,,,,,,,,,,,663,140,1066485,,663,120,928605,,663,123
,,,,,,,,,,,664,139,1059591,,664,120,928605,,664,122
,,,,,,,,,,,665,139,1059591,,665,120,928605,,665,122
,,,,,,,,,,,666,139,1059591,,666,120,928605,,666,122
,,,,,,,,,,,667,139,1059591,,667,119,921711,,667,122
,,,,,,,,,,,668,138,1052697,,668,119,921711,,668,122
,,,,,,,,,,,669,138,1052697,,669,119,921711,,669,121
,,,,,,,,,,,670,138,1052697,,670,119,921711,,670,121
,,,,,,,,,,,671,138,1052697,,671,118,914817,,671,121
,,,,,,,,,,,672,137,1045803,,672,118,914817,,672,121
,,,,,,,,,,,673,137,1045803,,673,118,914817,,673,121
,,,,,,,,,,,674,137,1045803,,674,118,914817,,674,120
,,,,,,,,,,,675,137,1045803,,675,118,914817,,675,120
,,,,,,,,,,,676,136,1038909,,676,117,907923,,676,120
,,,,,,,,,,,677,136,1038909,,677,117,907923,,677,120
,,,,,,,,,,,678,136,1038909,,678,117,907923,,678,120
,,,,,,,,,,,679,136,1038909,,679,117,907923,,679,119
,,,,,,,,,,,680,135,1032015,,680,117,907923,,680,119
,,,,,,,,,,,681,135,1032015,,681,116,901029,,681,119
,,,,,,,,,,,682,135,1032015,,682,116,901029,,682,119
,,,,,,,,,,,683,135,1032015,,683,116,901029,,683,118
,,,,,,,,,,,684,134,1025121,,684,116,901029,,684,118
,,,,,,,,,,,685,134,1025121,,685,116,901029,,685,118
,,,,,,,,,,,686,134,1025121,,686,115,894135,,686,118
,,,,,,,,,,,687,134,1025121,,687,115,894135,,687,118
,,,,,,,,,,,688,133,1018227,,688,115,894135,,688,117
,,,,,,,,,,,689,133,1018227,,689,115,894135,,689,117
,,,,,,,,,,,690,133,1018227,,690,115,894135,,690,117
,,,,,,,,,,,691,133,1018227,,691,114,887241,,691,117
,,,,,,,,,,,692,132,1011333,,692,114,887241,,692,117
,,,,,,,,,,,693,132,1011333,,693,114,887241,,693,117
,,,,,,,,,,,694,132,1011333,,694,114,887241,,694,116
,,,,,,,,,,,695,132,1011333,,695,114,887241,,695,116
,,,,,,,,,,,696,131,1004439,,696,113,880347,,696,116
,,,,,,,,,,,697,131,1004439,,697,113,880347,,697,116
,,,,,,,,,,,698,131,1004439,,698,113,880347,,698,116
,,,,,,,,,,,699,131,1004439,,699,113,880347,,699,115
,,,,,,,,,,,700,131,1004439,,700,113,880347,,700,115
,,,,,,,,,,,701,130,997545,,701,112,873453,,701,115
,,,,,,,,,,,702,130,997545,,702,112,873453,,702,115
,,,,,,,,,,,703,130,997545,,703,112,873453,,703,115
,,,,,,,,,,,704,130,997545,,704,112,873453,,704,114
,,,,,,,,,,,705,129,990651,,705,112,873453,,705,114
,,,,,,,,,,,706,129,990651,,706,112,873453,,706,114
,,,,,,,,,,,707,129,990651,,707,111,866559,,707,114
,,,,,,,,,,,708,129,990651,,708,111,866559,,708,114
,,,,,,,,,,,709,128,983757,,709,111,866559,,709,113
,,,,,,,,,,,710,128,983757,,710,111,866559,,710,113
,,,,,,,,,,,711,128,983757,,711,111,866559,,711,113
,,,,,,,,,,,712,128,983757,,712,110,859665,,712,113
,,,,,,,,,,,713,128,983757,,713,110,859665,,713,113
,,,,,,,,,,,714,127,976863,,714,110,859665,,714,112
,,,,,,,,,,,715,127,976863,,715,110,859665,,715,112
,,,,,,,,,,,716,127,976863,,716,110,859665,,716,112
,,,,,,,,,,,717,127,976863,,717,109,852771,,717,112
,,,,,,,,,,,718,126,969969,,718,109,852771,,718,112
,,,,,,,,,,,719,126,969969,,719,109,852771,,719,112
,,,,,,,,,,,720,126,969969,,720,109,852771,,720,111
,,,,,,,,,,,721,126,969969,,721,109,852771,,721,111
,,,,,,,,,,,722,126,969969,,722,109,852771,,722,111
,,,,,,,,,,,723,125,963075,,723,108,845877,,723,111
,,,,,,,,,,,724,125,963075,,724,108,845877,,724,111
,,,,,,,,,,,725,125,963075,,725,108,845877,,725,110
,,,,,,,,,,,726,125,963075,,726,108,845877,,726,110
,,,,,,,,,,,727,124,956181,,727,108,845877,,727,110
,,,,,,,,,,,728,124,956181,,728,107,838983,,728,110
,,,,,,,,,,,729,124,956181,,729,107,838983,,729,110
,,,,,,,,,,,730,124,956181,,730,107,838983,,730,109
,,,,,,,,,,,731,124,956181,,731,107,838983,,731,109
,,,,,,,,,,,732,123,949287,,732,107,838983,,732,109
,,,,,,,,,,,733,123,949287,,733,107,838983,,733,109
,,,,,,,,,,,734,123,949287,,734,106,832089,,734,109
,,,,,,,,,,,735,123,949287,,735,106,832089,,735,109
,,,,,,,,,,,736,123,949287,,736,106,832089,,736,108
,,,,,,,,,,,737,122,942393,,737,106,832089,,737,108
,,,,,,,,,,,738,122,942393,,738,106,832089,,738,108
,,,,,,,,,,,739,122,942393,,739,106,832089,,739,108
,,,,,,,,,,,740,122,942393,,740,105,825195,,740,108
,,,,,,,,,,,741,122,942393,,741,105,825195,,741,108
,,,,,,,,,,,742,121,935499,,742,105,825195,,742,107
,,,,,,,,,,,743,121,935499,,743,105,825195,,743,107
,,,,,,,,,,,744,121,935499,,744,105,825195,,744,107
,,,,,,,,,,,745,121,935499,,745,104,818301,,745,107
,,,,,,,,,,,746,121,935499,,746,104,818301,,746,107
,,,,,,,,,,,747,120,928605,,747,104,818301,,747,106
,,,,,,,,,,,748,120,928605,,748,104,818301,,748,106
,,,,,,,,,,,749,120,928605,,749,104,818301,,749,106
,,,,,,,,,,,750,120,928605,,750,104,818301,,750,106
,,,,,,,,,,,751,119,921711,,751,103,811407,,751,106
,,,,,,,,,,,752,119,921711,,752,103,811407,,752,106
,,,,,,,,,,,753,119,921711,,753,103,811407,,753,105
,,,,,,,,,,,754,119,921711,,754,103,811407,,754,105
,,,,,,,,,,,755,119,921711,,755,103,811407,,755,105
,,,,,,,,,,,756,118,914817,,756,103,811407,,756,105
,,,,,,,,,,,757,118,914817,,757,102,804513,,757,105
,,,,,,,,,,,758,118,914817,,758,102,804513,,758,105
,,,,,,,,,,,759,118,914817,,759,102,804513,,759,104
,,,,,,,,,,,760,118,914817,,760,102,804513,,760,104
,,,,,,,,,,,761,118,914817,,761,102,804513,,761,104
,,,,,,,,,,,762,117,907923,,762,102,804513,,762,104
,,,,,,,,,,,763,117,907923,,763,101,797619,,763,104
,,,,,,,,,,,764,117,907923,,764,101,797619,,764,104
,,,,,,,,,,,765,117,907923,,765,101,797619,,765,103
,,,,,,,,,,,766,117,907923,,766,101,797619,,766,103
,,,,,,,,,,,767,116,901029,,767,101,797619,,767,103
,,,,,,,,,,,768,116,901029,,768,101,797619,,768,103
,,,,,,,,,,,769,116,901029,,769,100,790725,,769,103
,,,,,,,,,,,770,116,901029,,770,100,790725,,770,103
,,,,,,,,,,,771,116,901029,,771,100,790725,,771,102
,,,,,,,,,,,772,115,894135,,772,100,790725,,772,102
,,,,,,,,,,,773,115,894135,,773,100,790725,,773,102
,,,,,,,,,,,774,115,894135,,774,100,790725,,774,102
,,,,,,,,,,,775,115,894135,,775,100,790725,,775,102
,,,,,,,,,,,776,115,894135,,776,99,783831,,776,102
,,,,,,,,,,,777,114,887241,,777,99,783831,,777,101
,,,,,,,,,,,778,114,887241,,778,99,783831,,778,101
,,,,,,,,,,,779,114,887241,,779,99,783831,,779,101
,,,,,,,,,,,780,114,887241,,780,99,783831,,780,101
,,,,,,,,,,,781,114,887241,,781,99,783831,,781,101
,,,,,,,,,,,782,114,887241,,782,98,776937,,782,101
,,,,,,,,,,,783,113,880347,,783,98,776937,,783,101
,,,,,,,,,,,784,113,880347,,784,98,776937,,784,100
,,,,,,,,,,,785,113,880347,,785,98,776937,,785,100
,,,,,,,,,,,786,113,880347,,786,98,776937,,786,100
,,,,,,,,,,,787,113,880347,,787,98,776937,,787,100
,,,,,,,,,,,788,112,873453,,788,97,770043,,788,100
,,,,,,,,,,,789,112,873453,,789,97,770043,,789,100
,,,,,,,,,,,790,112,873453,,790,97,770043,,790,99
,,,,,,,,,,,791,112,873453,,791,97,770043,,791,99
,,,,,,,,,,,792,112,873453,,792,97,770043,,792,99
,,,,,,,,,,,793,111,866559,,793,97,770043,,793,99
,,,,,,,,,,,794,111,866559,,794,97,770043,,794,99
,,,,,,,,,,,795,111,866559,,795,96,763149,,795,99
,,,,,,,,,,,796,111,866559,,796,96,763149,,796,99
,,,,,,,,,,,797,111,866559,,797,96,763149,,797,98
,,,,,,,,,,,798,111,866559,,798,96,763149,,798,98
,,,,,,,,,,,799,110,859665,,799,96,763149,,799,98
,,,,,,,,,,,800,110,859665,,800,96,763149,,800,98
,,,,,,,,,,,801,110,859665,,801,95,756255,,801,98
,,,,,,,,,,,802,110,859665,,802,95,756255,,802,98
,,,,,,,,,,,803,110,859665,,803,95,756255,,803,97
,,,,,,,,,,,804,110,859665,,804,95,756255,,804,97
,,,,,,,,,,,805,109,852771,,805,95,756255,,805,97
,,,,,,,,,,,806,109,852771,,806,95,756255,,806,97
,,,,,,,,,,,807,109,852771,,807,95,756255,,807,97
,,,,,,,,,,,808,109,852771,,808,94,749361,,808,97
,,,,,,,,,,,809,109,852771,,809,94,749361,,809,97
,,,,,,,,,,,810,108,845877,,810,94,749361,,810,96
,,,,,,,,,,,811,108,845877,,811,94,749361,,811,96
,,,,,,,,,,,812,108,845877,,812,94,749361,,812,96
,,,,,,,,,,,813,108,845877,,813,94,749361,,813,96
,,,,,,,,,,,814,108,845877,,814,94,749361,,814,96
,,,,,,,,,,,815,108,845877,,815,93,742467,,815,96
,,,,,,,,,,,816,107,838983,,816,93,742467,,816,95
,,,,,,,,,,,817,107,838983,,817,93,742467,,817,95
,,,,,,,,,,,818,107,838983,,818,93,742467,,818,95
,,,,,,,,,,,819,107,838983,,819,93,742467,,819,95
,,,,,,,,,,,820,107,838983,,820,93,742467,,820,95
,,,,,,,,,,,821,107,838983,,821,93,742467,,821,95
,,,,,,,,,,,822,106,832089,,822,92,735573,,822,95
,,,,,,,,,,,823,106,832089,,823,92,735573,,823,95
,,,,,,,,,,,824,106,832089,,824,92,735573,,824,94
,,,,,,,,,,,825,106,832089,,825,92,735573,,825,94
,,,,,,,,,,,826,106,832089,,826,92,735573,,826,94
,,,,,,,,,,,827,106,832089,,827,92,735573,,827,94
,,,,,,,,,,,828,105,825195,,828,92,735573,,828,94
,,,,,,,,,,,829,105,825195,,829,91,728679,,829,94
,,,,,,,,,,,830,105,825195,,830,91,728679,,830,94
,,,,,,,,,,,831,105,825195,,831,91,728679,,831,93
,,,,,,,,,,,832,105,825195,,832,91,728679,,832,93
,,,,,,,,,,,833,105,825195,,833,91,728679,,833,93
,,,,,,,,,,,834,104,818301,,834,91,728679,,834,93
,,,,,,,,,,,835,104,818301,,835,91,728679,,835,93
,,,,,,,,,,,836,104,818301,,836,91,728679,,836,93
,,,,,,,,,,,837,104,818301,,837,90,721785,,837,93
,,,,,,,,,,,838,104,818301,,838,90,721785,,838,92
,,,,,,,,,,,839,104,818301,,839,90,721785,,839,92
,,,,,,,,,,,840,103,811407,,840,90,721785,,840,92
,,,,,,,,,,,841,103,811407,,841,90,721785,,841,92
,,,,,,,,,,,842,103,811407,,842,90,721785,,842,92
,,,,,,,,,,,843,103,811407,,843,90,721785,,843,92
,,,,,,,,,,,844,103,811407,,844,89,714891,,844,92
,,,,,,,,,,,845,103,811407,,845,89,714891,,845,91
,,,,,,,,,,,846,102,804513,,846,89,714891,,846,91
,,,,,,,,,,,847,102,804513,,847,89,714891,,847,91
,,,,,,,,,,,848,102,804513,,848,89,714891,,848,91
,,,,,,,,,,,849,102,804513,,849,89,714891,,849,91
,,,,,,,,,,,850,102,804513,,850,89,714891,,850,91
,,,,,,,,,,,851,102,804513,,851,88,707997,,851,91
,,,,,,,,,,,852,102,804513,,852,88,707997,,852,90
,,,,,,,,,,,853,101,797619,,853,88,707997,,853,90
,,,,,,,,,,,854,101,797619,,854,88,707997,,854,90
,,,,,,,,,,,855,101,797619,,855,88,707997,,855,90
,,,,,,,,,,,856,101,797619,,856,88,707997,,856,90
,,,,,,,,,,,857,101,797619,,857,88,707997,,857,90
,,,,,,,,,,,858,101,797619,,858,88,707997,,858,90
,,,,,,,,,,,859,100,790725,,859,87,701103,,859,90
,,,,,,,,,,,860,100,790725,,860,87,701103,,860,89
,,,,,,,,,,,861,100,790725,,861,87,701103,,861,89
,,,,,,,,,,,862,100,790725,,862,87,701103,,862,89
,,,,,,,,,,,863,100,790725,,863,87,701103,,863,89
,,,,,,,,,,,864,100,790725,,864,87,701103,,864,89
,,,,,,,,,,,865,100,790725,,865,87,701103,,865,89
,,,,,,,,,,,866,99,783831,,866,87,701103,,866,89
,,,,,,,,,,,867,99,783831,,867,86,694209,,867,89
,,,,,,,,,,,868,99,783831,,868,86,694209,,868,88
,,,,,,,,,,,869,99,783831,,869,86,694209,,869,88
,,,,,,,,,,,870,99,783831,,870,86,694209,,870,88
,,,,,,,,,,,871,99,783831,,871,86,694209,,871,88
,,,,,,,,,,,872,98,776937,,872,86,694209,,872,88
,,,,,,,,,,,873,98,776937,,873,86,694209,,873,88
,,,,,,,,,,,874,98,776937,,874,86,694209,,874,88
,,,,,,,,,,,875,98,776937,,875,85,687315,,875,87
,,,,,,,,,,,876,98,776937,,876,85,687315,,876,87
,,,,,,,,,,,877,98,776937,,877,85,687315,,877,87
,,,,,,,,,,,878,98,776937,,878,85,687315,,878,87
,,,,,,,,,,,879,97,770043,,879,85,687315,,879,87
,,,,,,,,,,,880,97,770043,,880,85,687315,,880,87
,,,,,,,,,,,881,97,770043,,881,85,687315,,881,87
,,,,,,,,,,,882,97,770043,,882,85,687315,,882,87
,,,,,,,,,,,883,97,770043,,883,84,680421,,883,86
,,,,,,,,,,,884,97,770043,,884,84,680421,,884,86
,,,,,,,,,,,885,97,770043,,885,84,680421,,885,86
,,,,,,,,,,,886,96,763149,,886,84,680421,,886,86
,,,,,,,,,,,887,96,763149,,887,84,680421,,887,86
,,,,,,,,,,,888,96,763149,,888,84,680421,,888,86
,,,,,,,,,,,889,96,763149,,889,84,680421,,889,86
,,,,,,,,,,,890,96,763149,,890,84,680421,,890,86
,,,,,,,,,,,891,96,763149,,891,83,673527,,891,86
,,,,,,,,,,,892,96,763149,,892,83,673527,,892,85
,,,,,,,,,,,893,95,756255,,893,83,673527,,893,85
,,,,,,,,,,,894,95,756255,,894,83,673527,,894,85
,,,,,,,,,,,895,95,756255,,895,83,673527,,895,85
,,,,,,,,,,,896,95,756255,,896,83,673527,,896,85
,,,,,,,,,,,897,95,756255,,897,83,673527,,897,85
,,,,,,,,,,,898,95,756255,,898,83,673527,,898,85
,,,,,,,,,,,899,95,756255,,899,82,666633,,899,85
,,,,,,,,,,,900,94,749361,,900,82,666633,,900,84
,,,,,,,,,,,901,94,749361,,901,82,666633,,901,84
,,,,,,,,,,,902,94,749361,,902,82,666633,,902,84
,,,,,,,,,,,903,94,749361,,903,82,666633,,903,84
,,,,,,,,,,,904,94,749361,,904,82,666633,,904,84
,,,,,,,,,,,905,94,749361,,905,82,666633,,905,84
,,,,,,,,,,,906,94,749361,,906,82,666633,,906,84
,,,,,,,,,,,907,93,742467,,907,82,666633,,907,84
,,,,,,,,,,,908,93,742467,,908,81,659739,,908,83
,,,,,,,,,,,909,93,742467,,909,81,659739,,909,83
,,,,,,,,,,,910,93,742467,,910,81,659739,,910,83
,,,,,,,,,,,911,93,742467,,911,81,659739,,911,83
,,,,,,,,,,,912,93,742467,,912,81,659739,,912,83
,,,,,,,,,,,913,93,742467,,913,81,659739,,913,83
,,,,,,,,,,,914,93,742467,,914,81,659739,,914,83
,,,,,,,,,,,915,92,735573,,915,81,659739,,915,83
,,,,,,,,,,,916,92,735573,,916,81,659739,,916,83
,,,,,,,,,,,917,92,735573,,917,80,652845,,917,82
,,,,,,,,,,,918,92,735573,,918,80,652845,,918,82
,,,,,,,,,,,919,92,735573,,919,80,652845,,919,82
,,,,,,,,,,,920,92,735573,,920,80,652845,,920,82
,,,,,,,,,,,921,92,735573,,921,80,652845,,921,82
,,,,,,,,,,,922,91,728679,,922,80,652845,,922,82
,,,,,,,,,,,923,91,728679,,923,80,652845,,923,82
,,,,,,,,,,,924,91,728679,,924,80,652845,,924,82
,,,,,,,,,,,925,91,728679,,925,79,645951,,925,81
,,,,,,,,,,,926,91,728679,,926,79,645951,,926,81
,,,,,,,,,,,927,91,728679,,927,79,645951,,927,81
,,,,,,,,,,,928,91,728679,,928,79,645951,,928,81
,,,,,,,,,,,929,91,728679,,929,79,645951,,929,81
,,,,,,,,,,,930,90,721785,,930,79,645951,,930,81
,,,,,,,,,,,931,90,721785,,931,79,645951,,931,81
,,,,,,,,,,,932,90,721785,,932,79,645951,,932,81
,,,,,,,,,,,933,90,721785,,933,79,645951,,933,81
,,,,,,,,,,,934,90,721785,,934,79,645951,,934,80
,,,,,,,,,,,935,90,721785,,935,78,639057,,935,80
,,,,,,,,,,,936,90,721785,,936,78,639057,,936,80
,,,,,,,,,,,937,90,721785,,937,78,639057,,937,80
,,,,,,,,,,,938,89,714891,,938,78,639057,,938,80
,,,,,,,,,,,939,89,714891,,939,78,639057,,939,80
,,,,,,,,,,,940,89,714891,,940,78,639057,,940,80
,,,,,,,,,,,941,89,714891,,941,78,639057,,941,80
,,,,,,,,,,,942,89,714891,,942,78,639057,,942,80
,,,,,,,,,,,943,89,714891,,943,78,639057,,943,79
,,,,,,,,,,,944,89,714891,,944,77,632163,,944,79
,,,,,,,,,,,945,88,707997,,945,77,632163,,945,79
,,,,,,,,,,,946,88,707997,,946,77,632163,,946,79
,,,,,,,,,,,947,88,707997,,947,77,632163,,947,79
,,,,,,,,,,,948,88,707997,,948,77,632163,,948,79
,,,,,,,,,,,949,88,707997,,949,77,632163,,949,79
,,,,,,,,,,,950,88,707997,,950,77,632163,,950,79
,,,,,,,,,,,951,88,707997,,951,77,632163,,951,79
,,,,,,,,,,,952,88,707997,,952,77,632163,,952,78
,,,,,,,,,,,953,87,701103,,953,76,625269,,953,78
,,,,,,,,,,,954,87,701103,,954,76,625269,,954,78
,,,,,,,,,,,955,87,701103,,955,76,625269,,955,78
,,,,,,,,,,,956,87,701103,,956,76,625269,,956,78
,,,,,,,,,,,957,87,701103,,957,76,625269,,957,78
,,,,,,,,,,,958,87,701103,,958,76,625269,,958,78
,,,,,,,,,,,959,87,701103,,959,76,625269,,959,78
,,,,,,,,,,,960,87,701103,,960,76,625269,,960,78
,,,,,,,,,,,961,87,701103,,961,76,625269,,961,78
,,,,,,,,,,,962,86,694209,,962,76,625269,,962,77
,,,,,,,,,,,963,86,694209,,963,75,618375,,963,77
,,,,,,,,,,,964,86,694209,,964,75,618375,,964,77
,,,,,,,,,,,965,86,694209,,965,75,618375,,965,77
,,,,,,,,,,,966,86,694209,,966,75,618375,,966,77
,,,,,,,,,,,967,86,694209,,967,75,618375,,967,77
,,,,,,,,,,,968,86,694209,,968,75,618375,,968,77
,,,,,,,,,,,969,86,694209,,969,75,618375,,969,77
,,,,,,,,,,,970,85,687315,,970,75,618375,,970,77
,,,,,,,,,,,971,85,687315,,971,75,618375,,971,76
,,,,,,,,,,,972,85,687315,,972,74,611481,,972,76
,,,,,,,,,,,973,85,687315,,973,74,611481,,973,76
,,,,,,,,,,,974,85,687315,,974,74,611481,,974,76
,,,,,,,,,,,975,85,687315,,975,74,611481,,975,76
,,,,,,,,,,,976,85,687315,,976,74,611481,,976,76
,,,,,,,,,,,977,85,687315,,977,74,611481,,977,76
,,,,,,,,,,,978,84,680421,,978,74,611481,,978,76
,,,,,,,,,,,979,84,680421,,979,74,611481,,979,76
,,,,,,,,,,,980,84,680421,,980,74,611481,,980,76
,,,,,,,,,,,981,84,680421,,981,74,611481,,981,75
,,,,,,,,,,,982,84,680421,,982,74,611481,,982,75
,,,,,,,,,,,983,84,680421,,983,73,604587,,983,75
,,,,,,,,,,,984,84,680421,,984,73,604587,,984,75
,,,,,,,,,,,985,84,680421,,985,73,604587,,985,75
,,,,,,,,,,,986,84,680421,,986,73,604587,,986,75
,,,,,,,,,,,987,83,673527,,987,73,604587,,987,75
,,,,,,,,,,,988,83,673527,,988,73,604587,,988,75
,,,,,,,,,,,989,83,673527,,989,73,604587,,989,75
,,,,,,,,,,,990,83,673527,,990,73,604587,,990,75
,,,,,,,,,,,991,83,673527,,991,73,604587,,991,74
,,,,,,,,,,,992,83,673527,,992,73,604587,,992,74
,,,,,,,,,,,993,83,673527,,993,72,597693,,993,74
,,,,,,,,,,,994,83,673527,,994,72,597693,,994,74
,,,,,,,,,,,995,83,673527,,995,72,597693,,995,74
,,,,,,,,,,,996,82,666633,,996,72,597693,,996,74
,,,,,,,,,,,997,82,666633,,997,72,597693,,997,74
,,,,,,,,,,,998,82,666633,,998,72,597693,,998,74
,,,,,,,,,,,999,82,666633,,999,72,597693,,999,74
,,,,,,,,,,,1000,82,666633,,1000,72,597693,,1000,74
,,,,,,,,,,,1001,82,666633,,1001,72,597693,,1001,74
,,,,,,,,,,,1002,82,666633,,1002,72,597693,,1002,73
,,,,,,,,,,,1003,82,666633,,1003,71,590799,,1003,73
,,,,,,,,,,,1004,82,666633,,1004,71,590799,,1004,73
,,,,,,,,,,,1005,81,659739,,1005,71,590799,,1005,73
,,,,,,,,,,,1006,81,659739,,1006,71,590799,,1006,73
,,,,,,,,,,,1007,81,659739,,1007,71,590799,,1007,73
,,,,,,,,,,,1008,81,659739,,1008,71,590799,,1008,73
,,,,,,,,,,,1009,81,659739,,1009,71,590799,,1009,73
,,,,,,,,,,,1010,81,659739,,1010,71,590799,,1010,73
,,,,,,,,,,,1011,81,659739,,1011,71,590799,,1011,73
,,,,,,,,,,,1012,81,659739,,1012,71,590799,,1012,72
,,,,,,,,,,,1013,81,659739,,1013,71,590799,,1013,72
,,,,,,,,,,,1014,80,652845,,1014,70,583905,,1014,72
,,,,,,,,,,,1015,80,652845,,1015,70,583905,,1015,72
,,,,,,,,,,,1016,80,652845,,1016,70,583905,,1016,72
,,,,,,,,,,,1017,80,652845,,1017,70,583905,,1017,72
,,,,,,,,,,,1018,80,652845,,1018,70,583905,,1018,72
,,,,,,,,,,,1019,80,652845,,1019,70,583905,,1019,72
,,,,,,,,,,,1020,80,652845,,1020,70,583905,,1020,72
,,,,,,,,,,,1021,80,652845,,1021,70,583905,,1021,72
,,,,,,,,,,,1022,80,652845,,1022,70,583905,,1022,72
,,,,,,,,,,,1023,79,645951,,1023,70,583905,,1023,71
,,,,,,,,,,,1024,79,645951,,1024,70,583905,,1024,71
,,,,,,,,,,,1025,79,645951,,1025,69,577011,,1025,71
,,,,,,,,,,,1026,79,645951,,1026,69,577011,,1026,71
,,,,,,,,,,,1027,79,645951,,1027,69,577011,,1027,71
,,,,,,,,,,,1028,79,645951,,1028,69,577011,,1028,71
,,,,,,,,,,,1029,79,645951,,1029,69,577011,,1029,71
,,,,,,,,,,,1030,79,645951,,1030,69,577011,,1030,71
,,,,,,,,,,,1031,79,645951,,1031,69,577011,,1031,71
,,,,,,,,,,,1032,79,645951,,1032,69,577011,,1032,71
,,,,,,,,,,,1033,78,639057,,1033,69,577011,,1033,71
,,,,,,,,,,,1034,78,639057,,1034,69,577011,,1034,70
,,,,,,,,,,,1035,78,639057,,1035,69,577011,,1035,70
,,,,,,,,,,,1036,78,639057,,1036,68,570117,,1036,70
,,,,,,,,,,,1037,78,639057,,1037,68,570117,,1037,70
,,,,,,,,,,,1038,78,639057,,1038,68,570117,,1038,70
,,,,,,,,,,,1039,78,639057,,1039,68,570117,,1039,70
,,,,,,,,,,,1040,78,639057,,1040,68,570117,,1040,70
,,,,,,,,,,,1041,78,639057,,1041,68,570117,,1041,70
,,,,,,,,,,,1042,78,639057,,1042,68,570117,,1042,70
,,,,,,,,,,,1043,77,632163,,1043,68,570117,,1043,70
,,,,,,,,,,,1044,77,632163,,1044,68,570117,,1044,70
,,,,,,,,,,,1045,77,632163,,1045,68,570117,,1045,69
,,,,,,,,,,,1046,77,632163,,1046,68,570117,,1046,69
,,,,,,,,,,,1047,77,632163,,1047,67,563223,,1047,69
,,,,,,,,,,,1048,77,632163,,1048,67,563223,,1048,69
,,,,,,,,,,,1049,77,632163,,1049,67,563223,,1049,69
,,,,,,,,,,,1050,77,632163,,1050,67,563223,,1050,69
,,,,,,,,,,,1051,77,632163,,1051,67,563223,,1051,69
,,,,,,,,,,,1052,76,625269,,1052,67,563223,,1052,69
,,,,,,,,,,,1053,76,625269,,1053,67,563223,,1053,69
,,,,,,,,,,,1054,76,625269,,1054,67,563223,,1054,69
,,,,,,,,,,,1055,76,625269,,1055,67,563223,,1055,69
,,,,,,,,,,,1056,76,625269,,1056,67,563223,,1056,68
,,,,,,,,,,,1057,76,625269,,1057,67,563223,,1057,68
,,,,,,,,,,,1058,76,625269,,1058,67,563223,,1058,68
,,,,,,,,,,,1059,76,625269,,1059,66,556329,,1059,68
,,,,,,,,,,,1060,76,625269,,1060,66,556329,,1060,68
,,,,,,,,,,,1061,76,625269,,1061,66,556329,,1061,68
,,,,,,,,,,,1062,75,618375,,1062,66,556329,,1062,68
,,,,,,,,,,,1063,75,618375,,1063,66,556329,,1063,68
,,,,,,,,,,,1064,75,618375,,1064,66,556329,,1064,68
,,,,,,,,,,,1065,75,618375,,1065,66,556329,,1065,68
,,,,,,,,,,,1066,75,618375,,1066,66,556329,,1066,68
,,,,,,,,,,,1067,75,618375,,1067,66,556329,,1067,67
,,,,,,,,,,,1068,75,618375,,1068,66,556329,,1068,67
,,,,,,,,,,,1069,75,618375,,1069,66,556329,,1069,67
,,,,,,,,,,,1070,75,618375,,1070,66,556329,,1070,67
,,,,,,,,,,,1071,75,618375,,1071,65,549435,,1071,67
,,,,,,,,,,,1072,75,618375,,1072,65,549435,,1072,67
,,,,,,,,,,,1073,74,611481,,1073,65,549435,,1073,67
,,,,,,,,,,,1074,74,611481,,1074,65,549435,,1074,67
,,,,,,,,,,,1075,74,611481,,1075,65,549435,,1075,67
,,,,,,,,,,,1076,74,611481,,1076,65,549435,,1076,67
,,,,,,,,,,,1077,74,611481,,1077,65,549435,,1077,67
,,,,,,,,,,,1078,74,611481,,1078,65,549435,,1078,67
,,,,,,,,,,,1079,74,611481,,1079,65,549435,,1079,67
,,,,,,,,,,,1080,74,611481,,1080,65,549435,,1080,66
,,,,,,,,,,,1081,74,611481,,1081,65,549435,,1081,66
,,,,,,,,,,,1082,74,611481,,1082,65,549435,,1082,66
,,,,,,,,,,,1083,73,604587,,1083,64,542541,,1083,66
,,,,,,,,,,,1084,73,604587,,1084,64,542541,,1084,66
,,,,,,,,,,,1085,73,604587,,1085,64,542541,,1085,66
,,,,,,,,,,,1086,73,604587,,1086,64,542541,,1086,66
,,,,,,,,,,,1087,73,604587,,1087,64,542541,,1087,66
,,,,,,,,,,,1088,73,604587,,1088,64,542541,,1088,66
,,,,,,,,,,,1089,73,604587,,1089,64,542541,,1089,66
,,,,,,,,,,,1090,73,604587,,1090,64,542541,,1090,66
,,,,,,,,,,,1091,73,604587,,1091,64,542541,,1091,66
,,,,,,,,,,,1092,73,604587,,1092,64,542541,,1092,65
,,,,,,,,,,,1093,73,604587,,1093,64,542541,,,
,,,,,,,,,,,1094,72,597693,,1094,64,542541,,,
,,,,,,,,,,,1095,72,597693,,1095,64,542541,,,
,,,,,,,,,,,1096,72,597693,,1096,63,535647,,,
,,,,,,,,,,,1097,72,597693,,1097,63,535647,,,
,,,,,,,,,,,1098,72,597693,,1098,63,535647,,,
,,,,,,,,,,,1099,72,597693,,1099,63,535647,,,
,,,,,,,,,,,1100,72,597693,,1100,63,535647,,,
,,,,,,,,,,,1101,72,597693,,1101,63,535647,,,
,,,,,,,,,,,1102,72,597693,,1102,63,535647,,,
,,,,,,,,,,,1103,72,597693,,1103,63,535647,,,
,,,,,,,,,,,1104,72,597693,,1104,63,535647,,,
,,,,,,,,,,,1105,71,590799,,1105,63,535647,,,
,,,,,,,,,,,1106,71,590799,,1106,63,535647,,,
,,,,,,,,,,,1107,71,590799,,1107,63,535647,,,
,,,,,,,,,,,1108,71,590799,,1108,63,535647,,,
,,,,,,,,,,,1109,71,590799,,1109,62,528753,,,
,,,,,,,,,,,1110,71,590799,,1110,62,528753,,,
,,,,,,,,,,,1111,71,590799,,1111,62,528753,,,
,,,,,,,,,,,1112,71,590799,,1112,62,528753,,,
,,,,,,,,,,,1113,71,590799,,1113,62,528753,,,
,,,,,,,,,,,1114,71,590799,,1114,62,528753,,,
,,,,,,,,,,,1115,71,590799,,1115,62,528753,,,
,,,,,,,,,,,1116,70,583905,,1116,62,528753,,,
,,,,,,,,,,,1117,70,583905,,1117,62,528753,,,
,,,,,,,,,,,1118,70,583905,,1118,62,528753,,,
,,,,,,,,,,,1119,70,583905,,1119,62,528753,,,
,,,,,,,,,,,1120,70,583905,,1120,62,528753,,,
,,,,,,,,,,,1121,70,583905,,1121,62,528753,,,
,,,,,,,,,,,1122,70,583905,,1122,61,521859,,,
,,,,,,,,,,,1123,70,583905,,1123,61,521859,,,
,,,,,,,,,,,1124,70,583905,,1124,61,521859,,,
,,,,,,,,,,,1125,70,583905,,1125,61,521859,,,
,,,,,,,,,,,1126,70,583905,,1126,61,521859,,,
,,,,,,,,,,,1127,70,583905,,1127,61,521859,,,
,,,,,,,,,,,1128,69,577011,,1128,61,521859,,,
,,,,,,,,,,,1129,69,577011,,1129,61,521859,,,
,,,,,,,,,,,1130,69,577011,,1130,61,521859,,,
,,,,,,,,,,,1131,69,577011,,1131,61,521859,,,
,,,,,,,,,,,1132,69,577011,,1132,61,521859,,,
,,,,,,,,,,,1133,69,577011,,1133,61,521859,,,
,,,,,,,,,,,1134,69,577011,,1134,61,521859,,,
,,,,,,,,,,,1135,69,577011,,1135,60,514965,,,
,,,,,,,,,,,1136,69,577011,,1136,60,514965,,,
,,,,,,,,,,,1137,69,577011,,1137,60,514965,,,
,,,,,,,,,,,1138,69,577011,,1138,60,514965,,,
,,,,,,,,,,,1139,68,570117,,1139,60,514965,,,
,,,,,,,,,,,1140,68,570117,,1140,60,514965,,,
,,,,,,,,,,,1141,68,570117,,1141,60,514965,,,
,,,,,,,,,,,1142,68,570117,,1142,60,514965,,,
,,,,,,,,,,,1143,68,570117,,1143,60,514965,,,
,,,,,,,,,,,1144,68,570117,,1144,60,514965,,,
,,,,,,,,,,,1145,68,570117,,1145,60,514965,,,
,,,,,,,,,,,1146,68,570117,,1146,60,514965,,,
,,,,,,,,,,,1147,68,570117,,1147,60,514965,,,
,,,,,,,,,,,1148,68,570117,,1148,60,514965,,,
,,,,,,,,,,,1149,68,570117,,1149,59,508071,,,
,,,,,,,,,,,1150,68,570117,,1150,59,508071,,,
,,,,,,,,,,,1151,67,563223,,1151,59,508071,,,
,,,,,,,,,,,1152,67,563223,,1152,59,508071,,,
,,,,,,,,,,,1153,67,563223,,1153,59,508071,,,
,,,,,,,,,,,1154,67,563223,,1154,59,508071,,,
,,,,,,,,,,,1155,67,563223,,1155,59,508071,,,
,,,,,,,,,,,1156,67,563223,,1156,59,508071,,,
,,,,,,,,,,,1157,67,563223,,1157,59,508071,,,
,,,,,,,,,,,1158,67,563223,,1158,59,508071,,,
,,,,,,,,,,,1159,67,563223,,1159,59,508071,,,
,,,,,,,,,,,1160,67,563223,,1160,59,508071,,,
,,,,,,,,,,,1161,67,563223,,1161,59,508071,,,
,,,,,,,,,,,1162,67,563223,,1162,59,508071,,,
,,,,,,,,,,,1163,66,556329,,1163,58,501177,,,
,,,,,,,,,,,1164,66,556329,,1164,58,501177,,,
,,,,,,,,,,,1165,66,556329,,1165,58,501177,,,
,,,,,,,,,,,1166,66,556329,,1166,58,501177,,,
,,,,,,,,,,,1167,66,556329,,1167,58,501177,,,
,,,,,,,,,,,1168,66,556329,,1168,58,501177,,,
,,,,,,,,,,,1169,66,556329,,1169,58,501177,,,
,,,,,,,,,,,1170,66,556329,,1170,58,501177,,,
,,,,,,,,,,,1171,66,556329,,1171,58,501177,,,
,,,,,,,,,,,1172,66,556329,,1172,58,501177,,,
,,,,,,,,,,,1173,66,556329,,1173,58,501177,,,
,,,,,,,,,,,1174,66,556329,,1174,58,501177,,,
,,,,,,,,,,,1175,66,556329,,1175,58,501177,,,
,,,,,,,,,,,1176,65,549435,,1176,58,501177,,,
,,,,,,,,,,,1177,65,549435,,1177,57,494283,,,
,,,,,,,,,,,1178,65,549435,,1178,57,494283,,,
,,,,,,,,,,,1179,65,549435,,1179,57,494283,,,
,,,,,,,,,,,1180,65,549435,,1180,57,494283,,,
,,,,,,,,,,,1181,65,549435,,1181,57,494283,,,
,,,,,,,,,,,1182,65,549435,,1182,57,494283,,,
,,,,,,,,,,,1183,65,549435,,1183,57,494283,,,
,,,,,,,,,,,1184,65,549435,,1184,57,494283,,,
,,,,,,,,,,,1185,65,549435,,1185,57,494283,,,
,,,,,,,,,,,1186,65,549435,,1186,57,494283,,,
,,,,,,,,,,,1187,65,549435,,1187,57,494283,,,
,,,,,,,,,,,1188,65,549435,,1188,57,494283,,,
,,,,,,,,,,,1189,64,542541,,1189,57,494283,,,
,,,,,,,,,,,1190,64,542541,,1190,57,494283,,,
,,,,,,,,,,,1191,64,542541,,1191,57,494283,,,
,,,,,,,,,,,1192,64,542541,,1192,56,487389,,,
,,,,,,,,,,,1193,64,542541,,1193,56,487389,,,
,,,,,,,,,,,1194,64,542541,,1194,56,487389,,,
,,,,,,,,,,,1195,64,542541,,1195,56,487389,,,
,,,,,,,,,,,1196,64,542541,,1196,56,487389,,,
,,,,,,,,,,,1197,64,542541,,1197,56,487389,,,
,,,,,,,,,,,1198,64,542541,,1198,56,487389,,,
,,,,,,,,,,,1199,64,542541,,1199,56,487389,,,
,,,,,,,,,,,1200,64,542541,,1200,56,487389,,,
,,,,,,,,,,,1201,64,542541,,1201,56,487389,,,
,,,,,,,,,,,1202,63,535647,,1202,56,487389,,,
,,,,,,,,,,,1203,63,535647,,1203,56,487389,,,
,,,,,,,,,,,1204,63,535647,,1204,56,487389,,,
,,,,,,,,,,,1205,63,535647,,1205,56,487389,,,
,,,,,,,,,,,1206,63,535647,,1206,56,487389,,,
,,,,,,,,,,,1207,63,535647,,1207,56,487389,,,
,,,,,,,,,,,1208,63,535647,,1208,55,480495,,,
,,,,,,,,,,,1209,63,535647,,1209,55,480495,,,
,,,,,,,,,,,1210,63,535647,,1210,55,480495,,,
,,,,,,,,,,,1211,63,535647,,1211,55,480495,,,
,,,,,,,,,,,1212,63,535647,,1212,55,480495,,,
,,,,,,,,,,,1213,63,535647,,1213,55,480495,,,
,,,,,,,,,,,1214,63,535647,,1214,55,480495,,,
,,,,,,,,,,,1215,63,535647,,1215,55,480495,,,
,,,,,,,,,,,1216,62,528753,,1216,55,480495,,,
,,,,,,,,,,,1217,62,528753,,1217,55,480495,,,
,,,,,,,,,,,1218,62,528753,,1218,55,480495,,,
,,,,,,,,,,,1219,62,528753,,1219,55,480495,,,
,,,,,,,,,,,1220,62,528753,,1220,55,480495,,,
,,,,,,,,,,,1221,62,528753,,1221,55,480495,,,
,,,,,,,,,,,1222,62,528753,,1222,55,480495,,,
,,,,,,,,,,,1223,62,528753,,1223,55,480495,,,
,,,,,,,,,,,1224,62,528753,,1224,54,473601,,,
,,,,,,,,,,,1225,62,528753,,1225,54,473601,,,
,,,,,,,,,,,1226,62,528753,,1226,54,473601,,,
,,,,,,,,,,,1227,62,528753,,1227,54,473601,,,
,,,,,,,,,,,1228,62,528753,,1228,54,473601,,,
,,,,,,,,,,,1229,61,521859,,1229,54,473601,,,
,,,,,,,,,,,1230,61,521859,,1230,54,473601,,,
,,,,,,,,,,,1231,61,521859,,1231,54,473601,,,
,,,,,,,,,,,1232,61,521859,,1232,54,473601,,,
,,,,,,,,,,,1233,61,521859,,1233,54,473601,,,
,,,,,,,,,,,1234,61,521859,,1234,54,473601,,,
,,,,,,,,,,,1235,61,521859,,1235,54,473601,,,
,,,,,,,,,,,1236,61,521859,,1236,54,473601,,,
,,,,,,,,,,,1237,61,521859,,1237,54,473601,,,
,,,,,,,,,,,1238,61,521859,,1238,54,473601,,,
,,,,,,,,,,,1239,61,521859,,1239,54,473601,,,
,,,,,,,,,,,1240,61,521859,,1240,53,466707,,,
,,,,,,,,,,,1241,61,521859,,1241,53,466707,,,
,,,,,,,,,,,1242,61,521859,,1242,53,466707,,,
,,,,,,,,,,,1243,61,521859,,1243,53,466707,,,
,,,,,,,,,,,1244,60,514965,,1244,53,466707,,,
,,,,,,,,,,,1245,60,514965,,1245,53,466707,,,
,,,,,,,,,,,1246,60,514965,,1246,53,466707,,,
,,,,,,,,,,,1247,60,514965,,1247,53,466707,,,
,,,,,,,,,,,1248,60,514965,,1248,53,466707,,,
,,,,,,,,,,,1249,60,514965,,1249,53,466707,,,
,,,,,,,,,,,1250,60,514965,,1250,53,466707,,,
,,,,,,,,,,,1251,60,514965,,1251,53,466707,,,
,,,,,,,,,,,1252,60,514965,,1252,53,466707,,,
,,,,,,,,,,,1253,60,514965,,1253,53,466707,,,
,,,,,,,,,,,1254,60,514965,,1254,53,466707,,,
,,,,,,,,,,,1255,60,514965,,1255,53,466707,,,
,,,,,,,,,,,1256,60,514965,,1256,53,466707,,,
,,,,,,,,,,,1257,60,514965,,1257,52,459813,,,
,,,,,,,,,,,1258,60,514965,,1258,52,459813,,,
,,,,,,,,,,,1259,59,508071,,1259,52,459813,,,
,,,,,,,,,,,1260,59,508071,,1260,52,459813,,,
,,,,,,,,,,,1261,59,508071,,1261,52,459813,,,
,,,,,,,,,,,1262,59,508071,,1262,52,459813,,,
,,,,,,,,,,,1263,59,508071,,1263,52,459813,,,
,,,,,,,,,,,1264,59,508071,,1264,52,459813,,,
,,,,,,,,,,,1265,59,508071,,1265,52,459813,,,
,,,,,,,,,,,1266,59,508071,,1266,52,459813,,,
,,,,,,,,,,,1267,59,508071,,1267,52,459813,,,
,,,,,,,,,,,1268,59,508071,,1268,52,459813,,,
,,,,,,,,,,,1269,59,508071,,1269,52,459813,,,
,,,,,,,,,,,1270,59,508071,,1270,52,459813,,,
,,,,,,,,,,,1271,59,508071,,1271,52,459813,,,
,,,,,,,,,,,1272,59,508071,,1272,52,459813,,,
,,,,,,,,,,,1273,59,508071,,1273,52,459813,,,
,,,,,,,,,,,1274,58,501177,,1274,51,452919,,,
,,,,,,,,,,,1275,58,501177,,1275,51,452919,,,
,,,,,,,,,,,1276,58,501177,,1276,51,452919,,,
,,,,,,,,,,,1277,58,501177,,1277,51,452919,,,
,,,,,,,,,,,1278,58,501177,,1278,51,452919,,,
,,,,,,,,,,,1279,58,501177,,1279,51,452919,,,
,,,,,,,,,,,1280,58,501177,,1280,51,452919,,,
,,,,,,,,,,,1281,58,501177,,1281,51,452919,,,
,,,,,,,,,,,1282,58,501177,,1282,51,452919,,,
,,,,,,,,,,,1283,58,501177,,1283,51,452919,,,
,,,,,,,,,,,1284,58,501177,,1284,51,452919,,,
,,,,,,,,,,,1285,58,501177,,1285,51,452919,,,
,,,,,,,,,,,1286,58,501177,,1286,51,452919,,,
,,,,,,,,,,,1287,58,501177,,1287,51,452919,,,
,,,,,,,,,,,1288,58,501177,,1288,51,452919,,,
,,,,,,,,,,,1289,57,494283,,1289,51,452919,,,
,,,,,,,,,,,1290,57,494283,,1290,51,452919,,,
,,,,,,,,,,,1291,57,494283,,1291,51,452919,,,
,,,,,,,,,,,1292,57,494283,,1292,50,446025,,,
,,,,,,,,,,,1293,57,494283,,1293,50,446025,,,
,,,,,,,,,,,1294,57,494283,,1294,50,446025,,,
,,,,,,,,,,,1295,57,494283,,1295,50,446025,,,
,,,,,,,,,,,1296,57,494283,,1296,50,446025,,,
,,,,,,,,,,,1297,57,494283,,1297,50,446025,,,
,,,,,,,,,,,1298,57,494283,,1298,50,446025,,,
,,,,,,,,,,,1299,57,494283,,1299,50,446025,,,
,,,,,,,,,,,1300,57,494283,,1300,50,446025,,,
,,,,,,,,,,,1301,57,494283,,1301,50,446025,,,
,,,,,,,,,,,1302,57,494283,,1302,50,446025,,,
,,,,,,,,,,,1303,57,494283,,1303,50,446025,,,
,,,,,,,,,,,1304,57,494283,,1304,50,446025,,,
,,,,,,,,,,,1305,56,487389,,1305,50,446025,,,
,,,,,,,,,,,1306,56,487389,,1306,50,446025,,,
,,,,,,,,,,,1307,56,487389,,1307,50,446025,,,
,,,,,,,,,,,1308,56,487389,,1308,50,446025,,,
,,,,,,,,,,,1309,56,487389,,1309,50,446025,,,
,,,,,,,,,,,1310,56,487389,,1310,49,439131,,,
,,,,,,,,,,,1311,56,487389,,1311,49,439131,,,
,,,,,,,,,,,1312,56,487389,,1312,49,439131,,,
,,,,,,,,,,,1313,56,487389,,1313,49,439131,,,
,,,,,,,,,,,1314,56,487389,,1314,49,439131,,,
,,,,,,,,,,,1315,56,487389,,1315,49,439131,,,
,,,,,,,,,,,1316,56,487389,,1316,49,439131,,,
,,,,,,,,,,,1317,56,487389,,1317,49,439131,,,
,,,,,,,,,,,1318,56,487389,,1318,49,439131,,,
,,,,,,,,,,,1319,56,487389,,1319,49,439131,,,
,,,,,,,,,,,1320,56,487389,,,,,,,
,,,,,,,,,,,1321,55,480495,,,,,,,
,,,,,,,,,,,1322,55,480495,,,,,,,
,,,,,,,,,,,1323,55,480495,,,,,,,
,,,,,,,,,,,1324,55,480495,,,,,,,
,,,,,,,,,,,1325,55,480495,,,,,,,
,,,,,,,,,,,1326,55,480495,,,,,,,
,,,,,,,,,,,1327,55,480495,,,,,,,
,,,,,,,,,,,1328,55,480495,,,,,,,
,,,,,,,,,,,1329,55,480495,,,,,,,
,,,,,,,,,,,1330,55,480495,,,,,,,
,,,,,,,,,,,1331,55,480495,,,,,,,
,,,,,,,,,,,1332,55,480495,,,,,,,
,,,,,,,,,,,1333,55,480495,,,,,,,
,,,,,,,,,,,1334,55,480495,,,,,,,
,,,,,,,,,,,1335,55,480495,,,,,,,
,,,,,,,,,,,1336,55,480495,,,,,,,
,,,,,,,,,,,1337,54,473601,,,,,,,
,,,,,,,,,,,1338,54,473601,,,,,,,
,,,,,,,,,,,1339,54,473601,,,,,,,
,,,,,,,,,,,1340,54,473601,,,,,,,
,,,,,,,,,,,1341,54,473601,,,,,,,
,,,,,,,,,,,1342,54,473601,,,,,,,
,,,,,,,,,,,1343,54,473601,,,,,,,
,,,,,,,,,,,1344,54,473601,,,,,,,
,,,,,,,,,,,1345,54,473601,,,,,,,
,,,,,,,,,,,1346,54,473601,,,,,,,
,,,,,,,,,,,1347,54,473601,,,,,,,
,,,,,,,,,,,1348,54,473601,,,,,,,
,,,,,,,,,,,1349,54,473601,,,,,,,
,,,,,,,,,,,1350,54,473601,,,,,,,
,,,,,,,,,,,1351,54,473601,,,,,,,
,,,,,,,,,,,1352,54,473601,,,,,,,
,,,,,,,,,,,1353,54,473601,,,,,,,
,,,,,,,,,,,1354,53,466707,,,,,,,
,,,,,,,,,,,1355,53,466707,,,,,,,
,,,,,,,,,,,1356,53,466707,,,,,,,
,,,,,,,,,,,1357,53,466707,,,,,,,
,,,,,,,,,,,1358,53,466707,,,,,,,
,,,,,,,,,,,1359,53,466707,,,,,,,
,,,,,,,,,,,1360,53,466707,,,,,,,
,,,,,,,,,,,1361,53,466707,,,,,,,
,,,,,,,,,,,1362,53,466707,,,,,,,
,,,,,,,,,,,1363,53,466707,,,,,,,
,,,,,,,,,,,1364,53,466707,,,,,,,
,,,,,,,,,,,1365,53,466707,,,,,,,
,,,,,,,,,,,1366,53,466707,,,,,,,
,,,,,,,,,,,1367,53,466707,,,,,,,
,,,,,,,,,,,1368,53,466707,,,,,,,
,,,,,,,,,,,1369,53,466707,,,,,,,
,,,,,,,,,,,1370,53,466707,,,,,,,
,,,,,,,,,,,1371,53,466707,,,,,,,
,,,,,,,,,,,1372,52,459813,,,,,,,
,,,,,,,,,,,1373,52,459813,,,,,,,
,,,,,,,,,,,1374,52,459813,,,,,,,
,,,,,,,,,,,1375,52,459813,,,,,,,
,,,,,,,,,,,1376,52,459813,,,,,,,
,,,,,,,,,,,1377,52,459813,,,,,,,
,,,,,,,,,,,1378,52,459813,,,,,,,
,,,,,,,,,,,1379,52,459813,,,,,,,
,,,,,,,,,,,1380,52,459813,,,,,,,
,,,,,,,,,,,1381,52,459813,,,,,,,
,,,,,,,,,,,1382,52,459813,,,,,,,
,,,,,,,,,,,1383,52,459813,,,,,,,
,,,,,,,,,,,1384,52,459813,,,,,,,
,,,,,,,,,,,1385,52,459813,,,,,,,
,,,,,,,,,,,1386,52,459813,,,,,,,
,,,,,,,,,,,1387,52,459813,,,,,,,
,,,,,,,,,,,1388,52,459813,,,,,,,
,,,,,,,,,,,1389,52,459813,,,,,,,
,,,,,,,,,,,1390,52,459813,,,,,,,
,,,,,,,,,,,1391,51,452919,,,,,,,
,,,,,,,,,,,1392,51,452919,,,,,,,
,,,,,,,,,,,1393,51,452919,,,,,,,
,,,,,,,,,,,1394,51,452919,,,,,,,
,,,,,,,,,,,1395,51,452919,,,,,,,
,,,,,,,,,,,1396,51,452919,,,,,,,
,,,,,,,,,,,1397,51,452919,,,,,,,
,,,,,,,,,,,1398,51,452919,,,,,,,
,,,,,,,,,,,1399,51,452919,,,,,,,
,,,,,,,,,,,1400,51,452919,,,,,,,
,,,,,,,,,,,1401,51,452919,,,,,,,
,,,,,,,,,,,1402,51,452919,,,,,,,
,,,,,,,,,,,1403,51,452919,,,,,,,
,,,,,,,,,,,1404,51,452919,,,,,,,
,,,,,,,,,,,1405,51,452919,,,,,,,
,,,,,,,,,,,1406,51,452919,,,,,,,
,,,,,,,,,,,1407,51,452919,,,,,,,
,,,,,,,,,,,1408,51,452919,,,,,,,
,,,,,,,,,,,1409,50,446025,,,,,,,
,,,,,,,,,,,1410,50,446025,,,,,,,
,,,,,,,,,,,1411,50,446025,,,,,,,
,,,,,,,,,,,1412,50,446025,,,,,,,
,,,,,,,,,,,1413,50,446025,,,,,,,
,,,,,,,,,,,1414,50,446025,,,,,,,
,,,,,,,,,,,1415,50,446025,,,,,,,
,,,,,,,,,,,1416,50,446025,,,,,,,
,,,,,,,,,,,1417,50,446025,,,,,,,
,,,,,,,,,,,1418,50,446025,,,,,,,
,,,,,,,,,,,1419,50,446025,,,,,,,
,,,,,,,,,,,1420,50,446025,,,,,,,
,,,,,,,,,,,1421,50,446025,,,,,,,
,,,,,,,,,,,1422,50,446025,,,,,,,
,,,,,,,,,,,1423,50,446025,,,,,,,
,,,,,,,,,,,1424,50,446025,,,,,,,
,,,,,,,,,,,1425,50,446025,,,,,,,
,,,,,,,,,,,1426,50,446025,,,,,,,
,,,,,,,,,,,1427,50,446025,,,,,,,
,,,,,,,,,,,1428,49,439131,,,,,,,
,,,,,,,,,,,1429,49,439131,,,,,,,
,,,,,,,,,,,1430,49,439131,,,,,,,
,,,,,,,,,,,1431,49,439131,,,,,,,
,,,,,,,,,,,1432,49,439131,,,,,,,
,,,,,,,,,,,1433,49,439131,,,,,,,
,,,,,,,,,,,1434,49,439131,,,,,,,
,,,,,,,,,,,1435,49,439131,,,,,,,
,,,,,,,,,,,1436,49,439131,,,,,,,
,,,,,,,,,,,1437,49,439131,,,,,,,
,,,,,,,,,,,1438,49,439131,,,,,,,
,,,,,,,,,,,1439,49,439131,,,,,,,
,,,,,,,,,,,1440,49,439131,,,,,,,
,,,,,,,,,,,1441,49,439131,,,,,,,
,,,,,,,,,,,1442,49,439131,,,,,,,
,,,,,,,,,,,1443,49,439131,,,,,,,
,,,,,,,,,,,1444,49,439131,,,,,,,
,,,,,,,,,,,1445,49,439131,,,,,,,
,,,,,,,,,,,1446,49,439131,,,,,,,
,,,,,,,,,,,1447,48,432237,,,,,,,
,,,,,,,,,,,1448,48,432237,,,,,,,
,,,,,,,,,,,1449,48,432237,,,,,,,
,,,,,,,,,,,1450,48,432237,,,,,,,
,,,,,,,,,,,1451,48,432237,,,,,,,
,,,,,,,,,,,1452,48,432237,,,,,,,
,,,,,,,,,,,1453,48,432237,,,,,,,
,,,,,,,,,,,1454,48,432237,,,,,,,
,,,,,,,,,,,1455,48,432237,,,,,,,
,,,,,,,,,,,1456,48,432237,,,,,,,
,,,,,,,,,,,1457,48,432237,,,,,,,
,,,,,,,,,,,1458,48,432237,,,,,,,
,,,,,,,,,,,1459,48,432237,,,,,,,
,,,,,,,,,,,1460,48,432237,,,,,,,
,,,,,,,,,,,1461,48,432237,,,,,,,
,,,,,,,,,,,1462,48,432237,,,,,,,
,,,,,,,,,,,1463,48,432237,,,,,,,
,,,,,,,,,,,1464,48,432237,,,,,,,
,,,,,,,,,,,1465,48,432237,,,,,,,
,,,,,,,,,,,1466,48,432237,,,,,,,
,,,,,,,,,,,1467,48,432237,,,,,,,
,,,,,,,,,,,1468,48,432237,,,,,,,
,,,,,,,,,,,1469,47,425343,,,,,,,
,,,,,,,,,,,1470,47,425343,,,,,,,
,,,,,,,,,,,1471,47,425343,,,,,,,
,,,,,,,,,,,1472,47,425343,,,,,,,
,,,,,,,,,,,1473,47,425343,,,,,,,
,,,,,,,,,,,1474,47,425343,,,,,,,
,,,,,,,,,,,1475,47,425343,,,,,,,
,,,,,,,,,,,1476,47,425343,,,,,,,
,,,,,,,,,,,1477,47,425343,,,,,,,
,,,,,,,,,,,1478,47,425343,,,,,,,
,,,,,,,,,,,1479,47,425343,,,,,,,
,,,,,,,,,,,1480,47,425343,,,,,,,
,,,,,,,,,,,1481,47,425343,,,,,,,
,,,,,,,,,,,1482,32,321933,,,,,,,
,,,,,,,,,,,1483,32,321933,,,,,,,
,,,,,,,,,,,1484,32,321933,,,,,,,
,,,,,,,,,,,1485,32,321933,,,,,,,
,,,,,,,,,,,1486,32,321933,,,,,,,
,,,,,,,,,,,1487,32,321933,,,,,,,
,,,,,,,,,,,1488,32,321933,,,,,,,
,,,,,,,,,,,1489,32,321933,,,,,,,
,,,,,,,,,,,1490,32,321933,,,,,,,
,,,,,,,,,,,1491,32,321933,,,,,,,
,,,,,,,,,,,1492,32,321933,,,,,,,
,,,,,,,,,,,1493,32,321933,,,,,,,
,,,,,,,,,,,1494,31,315039,,,,,,,
,,,,,,,,,,,1495,31,315039,,,,,,,
,,,,,,,,,,,1496,31,315039,,,,,,,
,,,,,,,,,,,1497,31,315039,,,,,,,
,,,,,,,,,,,1498,31,315039,,,,,,,
,,,,,,,,,,,1499,31,315039,,,,,,,
,,,,,,,,,,,1500,31,315039,,,,,,,
,,,,,,,,,,,1501,31,315039,,,,,,,
,,,,,,,,,,,1502,31,315039,,,,,,,
,,,,,,,,,,,1503,31,315039,,,,,,,
,,,,,,,,,,,1504,31,315039,,,,,,,
,,,,,,,,,,,1505,31,315039,,,,,,,
,,,,,,,,,,,1506,31,315039,,,,,,,
,,,,,,,,,,,1507,31,315039,,,,,,,
,,,,,,,,,,,1508,31,315039,,,,,,,
,,,,,,,,,,,1509,31,315039,,,,,,,
,,,,,,,,,,,1510,31,315039,,,,,,,
,,,,,,,,,,,1511,31,315039,,,,,,,
,,,,,,,,,,,1512,31,315039,,,,,,,
,,,,,,,,,,,1513,31,315039,,,,,,,
,,,,,,,,,,,1514,31,315039,,,,,,,
,,,,,,,,,,,1515,31,315039,,,,,,,
,,,,,,,,,,,1516,31,315039,,,,,,,
,,,,,,,,,,,1517,31,315039,,,,,,,
,,,,,,,,,,,1518,31,315039,,,,,,,
,,,,,,,,,,,1519,31,315039,,,,,,,
,,,,,,,,,,,1520,31,315039,,,,,,,
,,,,,,,,,,,1521,31,315039,,,,,,,
,,,,,,,,,,,1522,31,315039,,,,,,,
,,,,,,,,,,,1523,31,315039,,,,,,,
,,,,,,,,,,,1524,31,315039,,,,,,,
,,,,,,,,,,,1525,31,315039,,,,,,,
,,,,,,,,,,,1526,31,315039,,,,,,,
,,,,,,,,,,,1527,31,315039,,,,,,,
,,,,,,,,,,,1528,31,315039,,,,,,,
,,,,,,,,,,,1529,31,315039,,,,,,,
,,,,,,,,,,,1530,31,315039,,,,,,,
,,,,,,,,,,,1531,31,315039,,,,,,,
,,,,,,,,,,,1532,31,315039,,,,,,,
,,,,,,,,,,,1533,30,308145,,,,,,,
,,,,,,,,,,,1534,30,308145,,,,,,,
,,,,,,,,,,,1535,30,308145,,,,,,,
,,,,,,,,,,,1536,30,308145,,,,,,,
,,,,,,,,,,,1537,30,308145,,,,,,,
,,,,,,,,,,,1538,30,308145,,,,,,,
,,,,,,,,,,,1539,30,308145,,,,,,,
,,,,,,,,,,,1540,30,308145,,,,,,,
,,,,,,,,,,,1541,30,308145,,,,,,,
,,,,,,,,,,,1542,30,308145,,,,,,,
,,,,,,,,,,,1543,30,308145,,,,,,,
,,,,,,,,,,,1544,30,308145,,,,,,,
,,,,,,,,,,,1545,30,308145,,,,,,,
,,,,,,,,,,,1546,30,308145,,,,,,,
,,,,,,,,,,,1547,30,308145,,,,,,,
,,,,,,,,,,,1548,30,308145,,,,,,,
,,,,,,,,,,,1549,30,308145,,,,,,,
,,,,,,,,,,,1550,30,308145,,,,,,,
,,,,,,,,,,,1551,30,308145,,,,,,,
,,,,,,,,,,,1552,30,308145,,,,,,,
,,,,,,,,,,,1553,30,308145,,,,,,,
,,,,,,,,,,,1554,30,308145,,,,,,,
,,,,,,,,,,,1555,30,308145,,,,,,,
,,,,,,,,,,,1556,30,308145,,,,,,,
,,,,,,,,,,,1557,30,308145,,,,,,,
,,,,,,,,,,,1558,30,308145,,,,,,,
,,,,,,,,,,,1559,30,308145,,,,,,,
,,,,,,,,,,,1560,30,308145,,,,,,,
,,,,,,,,,,,1561,30,308145,,,,,,,
,,,,,,,,,,,1562,30,308145,,,,,,,
,,,,,,,,,,,1563,30,308145,,,,,,,
,,,,,,,,,,,1564,30,308145,,,,,,,
,,,,,,,,,,,1565,30,308145,,,,,,,
,,,,,,,,,,,1566,30,308145,,,,,,,
,,,,,,,,,,,1567,30,308145,,,,,,,
,,,,,,,,,,,1568,30,308145,,,,,,,
,,,,,,,,,,,1569,30,308145,,,,,,,
,,,,,,,,,,,1570,30,308145,,,,,,,
,,,,,,,,,,,1571,30,308145,,,,,,,
,,,,,,,,,,,1572,30,308145,,,,,,,
,,,,,,,,,,,1573,30,308145,,,,,,,
,,,,,,,,,,,1574,30,308145,,,,,,,
,,,,,,,,,,,1575,30,308145,,,,,,,
,,,,,,,,,,,1576,29,301251,,,,,,,
,,,,,,,,,,,1577,29,301251,,,,,,,
,,,,,,,,,,,1578,29,301251,,,,,,,
,,,,,,,,,,,1579,29,301251,,,,,,,
,,,,,,,,,,,1580,29,301251,,,,,,,
,,,,,,,,,,,1581,29,301251,,,,,,,
,,,,,,,,,,,1582,29,301251,,,,,,,
,,,,,,,,,,,1583,29,301251,,,,,,,
,,,,,,,,,,,1584,29,301251,,,,,,,
,,,,,,,,,,,1585,29,301251,,,,,,,
,,,,,,,,,,,1586,29,301251,,,,,,,
,,,,,,,,,,,1587,29,301251,,,,,,,
,,,,,,,,,,,1588,29,301251,,,,,,,
,,,,,,,,,,,1589,29,301251,,,,,,,
,,,,,,,,,,,1590,29,301251,,,,,,,
,,,,,,,,,,,1591,29,301251,,,,,,,
,,,,,,,,,,,1592,29,301251,,,,,,,
,,,,,,,,,,,1593,29,301251,,,,,,,
,,,,,,,,,,,1594,29,301251,,,,,,,
,,,,,,,,,,,1595,29,301251,,,,,,,
,,,,,,,,,,,1596,29,301251,,,,,,,
,,,,,,,,,,,1597,29,301251,,,,,,,
,,,,,,,,,,,1598,29,301251,,,,,,,
,,,,,,,,,,,1599,29,301251,,,,,,,
,,,,,,,,,,,1600,29,301251,,,,,,,
,,,,,,,,,,,1601,29,301251,,,,,,,
,,,,,,,,,,,1602,29,301251,,,,,,,
,,,,,,,,,,,1603,29,301251,,,,,,,
,,,,,,,,,,,1604,29,301251,,,,,,,
,,,,,,,,,,,1605,29,301251,,,,,,,
,,,,,,,,,,,1606,29,301251,,,,,,,
,,,,,,,,,,,1607,29,301251,,,,,,,
,,,,,,,,,,,1608,29,301251,,,,,,,
,,,,,,,,,,,1609,29,301251,,,,,,,
,,,,,,,,,,,1610,29,301251,,,,,,,
,,,,,,,,,,,1611,29,301251,,,,,,,
,,,,,,,,,,,1612,29,301251,,,,,,,
,,,,,,,,,,,1613,29,301251,,,,,,,
,,,,,,,,,,,1614,29,301251,,,,,,,
,,,,,,,,,,,1615,29,301251,,,,,,,
,,,,,,,,,,,1616,29,301251,,,,,,,
,,,,,,,,,,,1617,28,294357,,,,,,,
,,,,,,,,,,,1618,28,294357,,,,,,,
,,,,,,,,,,,1619,28,294357,,,,,,,
,,,,,,,,,,,1620,28,294357,,,,,,,
,,,,,,,,,,,1621,28,294357,,,,,,,
,,,,,,,,,,,1622,28,294357,,,,,,,
,,,,,,,,,,,1623,28,294357,,,,,,,
,,,,,,,,,,,1624,28,294357,,,,,,,
,,,,,,,,,,,1625,28,294357,,,,,,,
,,,,,,,,,,,1626,28,294357,,,,,,,
,,,,,,,,,,,1627,28,294357,,,,,,,
,,,,,,,,,,,1628,28,294357,,,,,,,
,,,,,,,,,,,1629,28,294357,,,,,,,
,,,,,,,,,,,1630,28,294357,,,,,,,
,,,,,,,,,,,1631,28,294357,,,,,,,
,,,,,,,,,,,1632,28,294357,,,,,,,
,,,,,,,,,,,1633,28,294357,,,,,,,
,,,,,,,,,,,1634,28,294357,,,,,,,
,,,,,,,,,,,1635,28,294357,,,,,,,
,,,,,,,,,,,1636,28,294357,,,,,,,
,,,,,,,,,,,1637,28,294357,,,,,,,
,,,,,,,,,,,1638,28,294357,,,,,,,
,,,,,,,,,,,1639,28,294357,,,,,,,
,,,,,,,,,,,1640,28,294357,,,,,,,
,,,,,,,,,,,1641,28,294357,,,,,,,
,,,,,,,,,,,1642,28,294357,,,,,,,
,,,,,,,,,,,1643,28,294357,,,,,,,
,,,,,,,,,,,1644,28,294357,,,,,,,
,,,,,,,,,,,1645,28,294357,,,,,,,
,,,,,,,,,,,1646,28,294357,,,,,,,
,,,,,,,,,,,1647,28,294357,,,,,,,
,,,,,,,,,,,1648,28,294357,,,,,,,
,,,,,,,,,,,1649,28,294357,,,,,,,
,,,,,,,,,,,1650,28,294357,,,,,,,
,,,,,,,,,,,1651,28,294357,,,,,,,
,,,,,,,,,,,1652,28,294357,,,,,,,
,,,,,,,,,,,1653,28,294357,,,,,,,
,,,,,,,,,,,1654,28,294357,,,,,,,
,,,,,,,,,,,1655,28,294357,,,,,,,
,,,,,,,,,,,1656,28,294357,,,,,,,
,,,,,,,,,,,1657,28,294357,,,,,,,
,,,,,,,,,,,1658,28,294357,,,,,,,
,,,,,,,,,,,1659,28,294357,,,,,,,
,,,,,,,,,,,1660,28,294357,,,,,,,
,,,,,,,,,,,1661,28,294357,,,,,,,
,,,,,,,,,,,1662,27,287463,,,,,,,
,,,,,,,,,,,1663,27,287463,,,,,,,
,,,,,,,,,,,1664,27,287463,,,,,,,