Date,,Test 1,Time1,Pressure,P_1,Test 2,Time,Pressure,,Test 3,Time,Pressure,,Test 4,Time4,Pressure,P_4,Test 5,Time,Pressure,,Test 6,Time,Pressure,,Test 7,Time,Pressure,,Test 8,Time8,Pressure,P_8,Test 9,Time,Pressure
4/5/23,,3.27 pm,0,1008,7050477,3.35 pm,0,1008,,3.43 pm,0,1017,,3.50 pm,0,601,4244619,3.58 pm,0,600,,4.05 pm,0,605,,4.12 pm,0,798,,4.20 pm,0,803,5637207,4.27pm,0,800
,,,1,998,6981537,,1,979,,,1,990,,,1,598,4223937,,1,595,,,1,589,,,1,784,,,1,783,5499327,,1,788
Control tube 6,,,2,969,6781611,,2,944,,,2,955,,,2,582,4113633,,2,580,,,2,577,,,2,764,,,2,763,5361447,,2,768
,,,3,933,6533427,,3,922,,,3,927,,,3,570,4030905,,3,566,,,3,564,,,3,742,,,3,741,5209779,,3,747
,,,4,905,6340395,,4,892,,,4,904,,,4,556,3934389,,4,546,,,4,550,,,4,722,,,4,721,5071899,,4,726
,,,5,884,6195621,,5,871,,,5,875,,,5,542,3837873,,5,532,,,5,537,,,5,703,,,5,702,4940913,,5,707
,,,6,855,5995695,,6,843,,,6,856,,,6,528,3741357,,6,524,,,6,523,,,6,682,,,6,682,4803033,,6,693
,,,7,835,5857815,,7,824,,,7,829,,,7,515,3651735,,7,511,,,7,511,,,7,662,,,7,662,4665153,,7,673
,,,8,809,5678571,,8,803,,,8,807,,,8,502,3562113,,8,499,,,8,498,,,8,650,,,8,649,4575531,,8,652
,,,9,789,5540691,,9,782,,,9,786,,,9,490,3479385,,9,487,,,9,486,,,9,629,,,9,635,4479015,,9,640
,,,10,768,5395917,,10,761,,,10,766,,,10,479,3403551,,10,475,,,10,475,,,10,616,,,10,616,4348029,,10,627
,,,11,747,5251143,,11,742,,,11,746,,,11,467,3320823,,11,464,,,11,464,,,11,604,,,11,604,4265301,,11,607
,,,12,728,5120157,,12,722,,,12,734,,,12,456,3244989,,12,453,,,12,453,,,12,590,,,12,590,4168785,,12,594
,,,13,707,4975383,,13,703,,,13,714,,,13,445,3169155,,13,442,,,13,442,,,13,569,,,13,569,4024011,,13,581
,,,14,695,4892655,,14,683,,,14,694,,,14,434,3093321,,14,432,,,14,431,,,14,556,,,14,556,3934389,,14,567
,,,15,674,4747881,,15,662,,,15,682,,,15,424,3024381,,15,421,,,15,421,,,15,548,,,15,542,3837873,,15,553
,,,16,654,4610001,,16,650,,,16,663,,,16,414,2955441,,16,411,,,16,411,,,16,535,,,16,535,3789615,,16,541
,,,17,641,4520379,,17,630,,,17,650,,,17,404,2886501,,17,402,,,17,402,,,17,522,,,17,522,3699993,,17,528
,,,18,623,4396287,,18,617,,,18,630,,,18,395,2824455,,18,392,,,18,392,,,18,509,,,18,509,3610371,,18,515
,,,19,609,4299771,,19,596,,,19,617,,,19,385,2755515,,19,383,,,19,383,,,19,497,,,19,497,3527643,,19,503
,,,20,588,4154997,,20,585,,,20,598,,,20,376,2693469,,20,374,,,20,374,,,20,485,,,20,485,3444915,,20,491
,,,21,576,4072269,,21,571,,,21,585,,,21,367,2631423,,21,365,,,21,365,,,21,473,,,21,473,3362187,,21,479
,,,22,562,3975753,,22,558,,,22,572,,,22,359,2576271,,22,357,,,22,357,,,22,462,,,22,462,3286353,,22,467
,,,23,542,3837873,,23,544,,,23,558,,,23,350,2514225,,23,349,,,23,348,,,23,451,,,23,452,3217413,,23,456
,,,24,529,3748251,,24,530,,,24,545,,,24,342,2459073,,24,340,,,24,340,,,24,440,,,24,441,3141579,,24,445
,,,25,516,3658629,,25,517,,,25,530,,,25,334,2403921,,25,332,,,25,332,,,25,429,,,25,431,3072639,,25,435
,,,26,507,3596583,,26,504,,,26,519,,,26,326,2348769,,26,325,,,26,325,,,26,419,,,26,420,2996805,,26,424
,,,27,494,3506961,,27,491,,,27,506,,,27,319,2300511,,27,317,,,27,317,,,27,409,,,27,410,2927865,,27,414
,,,28,481,3417339,,28,479,,,28,493,,,28,311,2245359,,28,310,,,28,310,,,28,399,,,28,400,2858925,,28,405
,,,29,469,3334611,,29,467,,,29,481,,,29,304,2197101,,29,303,,,29,303,,,29,390,,,29,391,2796879,,29,395
,,,30,457,3251883,,30,455,,,30,469,,,30,297,2148843,,30,296,,,30,296,,,30,381,,,30,382,2734833,,30,386
,,,31,445,3169155,,31,443,,,31,458,,,31,290,2100585,,31,289,,,31,289,,,31,372,,,31,373,2672787,,31,377
,,,32,434,3093321,,32,432,,,32,446,,,32,283,2052327,,32,282,,,32,282,,,32,363,,,32,364,2610741,,32,368
,,,33,423,3017487,,33,422,,,33,435,,,33,277,2010963,,33,276,,,33,276,,,33,354,,,33,355,2548695,,33,359
,,,34,412,2941653,,34,411,,,34,425,,,34,270,1962705,,34,269,,,34,269,,,34,346,,,34,347,2493543,,34,351
,,,35,401,2865819,,35,401,,,35,414,,,35,264,1921341,,35,263,,,35,263,,,35,338,,,35,339,2438391,,35,343
,,,36,391,2796879,,36,391,,,36,404,,,36,258,1879977,,36,257,,,36,257,,,36,330,,,36,331,2383239,,36,334
,,,37,381,2727939,,37,381,,,37,395,,,37,252,1838613,,37,251,,,37,251,,,37,322,,,37,323,2328087,,37,327
,,,38,372,2665893,,38,372,,,38,385,,,38,246,1797249,,38,245,,,38,246,,,38,315,,,38,316,2279829,,38,319
,,,39,362,2596953,,39,363,,,39,376,,,39,241,1762779,,39,240,,,39,240,,,39,307,,,39,308,2224677,,39,312
,,,40,353,2534907,,40,354,,,40,367,,,40,235,1721415,,40,234,,,40,234,,,40,300,,,40,301,2176419,,40,304
,,,41,344,2472861,,41,345,,,41,358,,,41,230,1686945,,41,229,,,41,229,,,41,293,,,41,294,2128161,,41,297
,,,42,335,2410815,,42,337,,,42,349,,,42,224,1645581,,42,224,,,42,224,,,42,286,,,42,287,2079903,,42,290
,,,43,327,2355663,,43,328,,,43,341,,,43,219,1611111,,43,219,,,43,219,,,43,280,,,43,281,2038539,,43,284
,,,44,319,2300511,,44,320,,,44,333,,,44,214,1576641,,44,214,,,44,214,,,44,273,,,44,274,1990281,,44,277
,,,45,311,2245359,,45,312,,,45,325,,,45,209,1542171,,45,209,,,45,209,,,45,267,,,45,268,1948917,,45,271
,,,46,303,2190207,,46,305,,,46,317,,,46,205,1514595,,46,204,,,46,204,,,46,261,,,46,262,1907553,,46,265
,,,47,295,2135055,,47,297,,,47,309,,,47,200,1480125,,47,199,,,47,200,,,47,255,,,47,256,1866189,,47,258
,,,48,288,2086797,,48,290,,,48,302,,,48,195,1445655,,48,195,,,48,195,,,48,249,,,48,250,1824825,,48,253
,,,49,280,2031645,,49,283,,,49,295,,,49,191,1418079,,49,191,,,49,191,,,49,243,,,49,244,1783461,,49,247
,,,50,273,1983387,,50,276,,,50,288,,,50,187,1390503,,50,186,,,50,186,,,50,237,,,50,238,1742097,,50,241
,,,51,267,1942023,,51,270,,,51,281,,,51,183,1362927,,51,182,,,51,182,,,51,232,,,51,233,1707627,,51,236
,,,52,260,1893765,,52,263,,,52,274,,,52,178,1328457,,52,178,,,52,178,,,52,227,,,52,228,1673157,,52,230
,,,53,253,1845507,,53,257,,,53,268,,,53,174,1300881,,53,174,,,53,174,,,53,222,,,53,222,1631793,,53,225
,,,54,247,1804143,,54,251,,,54,261,,,54,170,1273305,,54,170,,,54,170,,,54,216,,,54,217,1597323,,54,220
,,,55,241,1762779,,55,245,,,55,255,,,55,167,1252623,,55,166,,,55,167,,,55,212,,,55,212,1562853,,55,215
,,,56,235,1721415,,56,239,,,56,249,,,56,163,1225047,,56,163,,,56,163,,,56,207,,,56,208,1535277,,56,210
,,,57,229,1680051,,57,233,,,57,243,,,57,159,1197471,,57,159,,,57,159,,,57,202,,,57,203,1500807,,57,205
,,,58,223,1638687,,58,227,,,58,238,,,58,156,1176789,,58,155,,,58,156,,,58,197,,,58,198,1466337,,58,201
,,,59,218,1604217,,59,222,,,59,232,,,59,152,1149213,,59,152,,,59,152,,,59,193,,,59,194,1438761,,59,196
,,,60,212,1562853,,60,217,,,60,227,,,60,149,1128531,,60,148,,,60,149,,,60,189,,,60,189,1404291,,60,192
,,,61,207,1528383,,61,211,,,61,221,,,61,145,1100955,,61,145,,,61,145,,,61,184,,,61,185,1376715,,61,187
,,,62,202,1493913,,62,206,,,62,216,,,62,142,1080273,,62,142,,,62,142,,,62,180,,,62,181,1349139,,62,183
,,,63,197,1459443,,63,202,,,63,211,,,63,139,1059591,,63,139,,,63,139,,,63,176,,,63,177,1321563,,63,179
,,,64,192,1424973,,64,197,,,64,206,,,64,136,1038909,,64,136,,,64,136,,,64,172,,,64,173,1293987,,64,175
,,,65,187,1390503,,65,192,,,65,201,,,65,133,1018227,,65,133,,,65,133,,,65,168,,,65,169,1266411,,65,171
,,,66,183,1362927,,66,188,,,66,197,,,66,130,997545,,66,130,,,66,130,,,66,165,,,66,165,1238835,,66,167
,,,67,178,1328457,,67,183,,,67,192,,,67,127,976863,,67,127,,,67,127,,,67,161,,,67,162,1218153,,67,163
,,,68,174,1300881,,68,179,,,68,188,,,68,124,956181,,68,124,,,68,124,,,68,157,,,68,158,1190577,,68,160
,,,69,169,1266411,,69,175,,,69,184,,,69,121,935499,,69,121,,,69,122,,,69,154,,,69,154,1163001,,69,156
,,,70,165,1238835,,70,171,,,70,179,,,70,119,921711,,70,119,,,70,119,,,70,150,,,70,151,1142319,,70,153
,,,71,161,1211259,,71,167,,,71,175,,,71,116,901029,,71,116,,,71,116,,,71,147,,,71,148,1121637,,71,149
,,,72,157,1183683,,72,163,,,72,171,,,72,113,880347,,72,113,,,72,114,,,72,144,,,72,144,1094061,,72,146
,,,73,153,1156107,,73,159,,,73,167,,,73,111,866559,,73,111,,,73,111,,,73,140,,,73,141,1073379,,73,143
,,,74,150,1135425,,74,155,,,74,163,,,74,108,845877,,74,108,,,74,109,,,74,137,,,74,138,1052697,,74,140
,,,75,146,1107849,,75,152,,,75,160,,,75,106,832089,,75,106,,,75,106,,,75,134,,,75,135,1032015,,75,137
,,,76,142,1080273,,76,148,,,76,156,,,76,104,818301,,76,104,,,76,104,,,76,131,,,76,132,1011333,,76,134
,,,77,139,1059591,,77,145,,,77,152,,,77,101,797619,,77,101,,,77,102,,,77,128,,,77,129,990651,,77,131
,,,78,135,1032015,,78,141,,,78,149,,,78,99,783831,,78,99,,,78,99,,,78,125,,,78,126,969969,,78,128
,,,79,132,1011333,,79,138,,,79,146,,,79,97,770043,,79,97,,,79,97,,,79,123,,,79,123,949287,,79,125
,,,80,129,990651,,80,135,,,80,142,,,80,95,756255,,80,95,,,80,95,,,80,120,,,80,121,935499,,80,122
,,,81,126,969969,,81,132,,,81,139,,,81,93,742467,,81,93,,,81,93,,,81,117,,,81,118,914817,,81,119
,,,82,123,949287,,82,129,,,82,136,,,82,91,728679,,82,91,,,82,91,,,82,115,,,82,115,894135,,82,117
,,,83,120,928605,,83,126,,,83,133,,,83,89,714891,,83,89,,,83,89,,,83,112,,,83,113,880347,,83,114
,,,84,117,907923,,84,123,,,84,130,,,84,87,701103,,84,87,,,84,87,,,84,110,,,84,110,859665,,84,112
,,,85,114,887241,,85,120,,,85,127,,,85,85,687315,,85,85,,,85,85,,,85,107,,,85,108,845877,,85,109
,,,86,111,866559,,86,117,,,86,124,,,86,83,673527,,86,83,,,86,83,,,86,105,,,86,105,825195,,86,107
,,,87,108,845877,,87,114,,,87,121,,,87,81,659739,,87,81,,,87,81,,,87,102,,,87,103,811407,,87,105
,,,88,106,832089,,88,112,,,88,118,,,88,79,645951,,88,79,,,88,80,,,88,100,,,88,101,797619,,88,102
,,,89,103,811407,,89,109,,,89,116,,,89,78,639057,,89,78,,,89,78,,,89,98,,,89,99,783831,,89,100
,,,90,101,797619,,90,107,,,90,113,,,90,76,625269,,90,76,,,90,76,,,90,96,,,90,96,763149,,90,98
,,,91,98,776937,,91,104,,,91,111,,,91,74,611481,,91,74,,,91,74,,,91,94,,,91,94,749361,,91,96
,,,92,96,763149,,92,102,,,92,108,,,92,73,604587,,92,73,,,92,73,,,92,92,,,92,92,735573,,92,94
,,,93,94,749361,,93,100,,,93,106,,,93,71,590799,,93,71,,,93,71,,,93,90,,,93,90,721785,,93,92
,,,94,91,728679,,94,97,,,94,103,,,94,69,577011,,94,69,,,94,70,,,94,88,,,94,88,707997,,94,90
,,,95,89,714891,,95,95,,,95,101,,,95,68,570117,,95,68,,,95,68,,,95,86,,,95,86,694209,,95,88
,,,96,87,701103,,96,93,,,96,99,,,96,66,556329,,96,66,,,96,67,,,96,84,,,96,84,680421,,96,86
,,,97,85,687315,,97,91,,,97,97,,,97,65,549435,,97,65,,,97,65,,,97,82,,,97,83,673527,,97,84
,,,98,83,673527,,98,89,,,98,94,,,98,63,535647,,98,63,,,98,64,,,98,80,,,98,81,659739,,98,82
,,,99,81,659739,,99,87,,,99,92,,,99,62,528753,,99,62,,,99,62,,,99,78,,,99,79,645951,,99,80
,,,100,79,645951,,100,85,,,100,90,,,100,61,521859,,100,61,,,100,61,,,100,77,,,100,77,632163,,100,78
,,,101,77,632163,,101,83,,,101,88,,,101,59,508071,,101,59,,,101,60,,,101,75,,,101,76,625269,,101,77
,,,102,75,618375,,102,81,,,102,86,,,102,58,501177,,102,58,,,102,58,,,102,73,,,102,74,611481,,102,75
,,,103,73,604587,,103,79,,,103,84,,,103,57,494283,,103,57,,,103,57,,,103,72,,,103,72,597693,,103,73
,,,104,71,590799,,104,77,,,104,82,,,104,55,480495,,104,56,,,104,56,,,104,70,,,104,71,590799,,104,72
,,,105,69,577011,,105,75,,,105,81,,,105,54,473601,,105,54,,,105,55,,,105,69,,,105,69,577011,,105,70
,,,106,68,570117,,106,74,,,106,79,,,106,53,466707,,106,53,,,106,53,,,106,67,,,106,68,570117,,106,69
,,,107,66,556329,,107,72,,,107,77,,,107,52,459813,,107,52,,,107,52,,,107,66,,,107,66,556329,,107,67
,,,108,65,549435,,108,70,,,108,75,,,108,51,452919,,108,51,,,108,51,,,108,64,,,108,65,549435,,108,66
,,,109,63,535647,,109,69,,,109,74,,,109,50,446025,,109,50,,,109,50,,,109,63,,,109,63,535647,,109,64
,,,110,61,521859,,110,67,,,110,72,,,110,48,432237,,110,49,,,110,49,,,110,61,,,110,62,528753,,110,63
,,,111,60,514965,,111,66,,,111,70,,,111,47,425343,,111,47,,,111,48,,,111,60,,,111,60,514965,,111,62
,,,112,58,501177,,112,64,,,112,69,,,112,46,418449,,112,46,,,112,47,,,112,59,,,112,59,508071,,112,60
,,,113,57,494283,,113,63,,,113,67,,,113,45,411555,,113,45,,,113,46,,,113,57,,,113,58,501177,,113,59
,,,114,56,487389,,114,61,,,114,66,,,114,44,404661,,114,44,,,114,45,,,114,56,,,114,57,494283,,114,58
,,,115,54,473601,,115,60,,,115,64,,,115,43,397767,,115,43,,,115,44,,,115,55,,,115,55,480495,,115,56
,,,116,53,466707,,116,59,,,116,63,,,116,42,390873,,116,42,,,116,43,,,116,54,,,116,54,473601,,116,55
,,,117,52,459813,,117,57,,,117,61,,,117,41,383979,,117,41,,,117,42,,,117,52,,,117,53,466707,,117,54
,,,118,50,446025,,118,56,,,118,60,,,118,40,377085,,118,41,,,118,41,,,118,51,,,118,52,459813,,118,53
,,,119,49,439131,,119,55,,,119,59,,,119,40,377085,,119,40,,,119,40,,,119,50,,,119,51,452919,,119,52
,,,120,48,432237,,120,53,,,120,57,,,120,39,370191,,120,39,,,120,39,,,120,49,,,120,50,446025,,120,50
,,,121,47,425343,,121,52,,,121,56,,,121,38,363297,,121,38,,,121,38,,,121,48,,,121,48,432237,,121,49
,,,122,46,418449,,122,51,,,122,55,,,122,37,356403,,122,37,,,122,37,,,122,47,,,122,47,425343,,122,48
,,,123,44,404661,,123,50,,,123,54,,,123,36,349509,,123,36,,,123,36,,,123,46,,,123,46,418449,,123,47
,,,124,43,397767,,124,49,,,124,52,,,124,35,342615,,124,35,,,124,36,,,124,45,,,124,45,411555,,124,46
,,,125,42,390873,,125,48,,,125,51,,,125,35,342615,,125,35,,,125,35,,,125,44,,,125,44,404661,,125,45
,,,126,41,383979,,126,46,,,126,50,,,126,34,335721,,126,34,,,126,34,,,126,43,,,126,43,397767,,126,44
,,,127,40,377085,,127,45,,,127,49,,,127,33,328827,,127,33,,,127,33,,,127,42,,,127,42,390873,,127,43
,,,128,39,370191,,128,44,,,128,48,,,128,32,321933,,128,32,,,128,33,,,128,41,,,128,41,383979,,128,42
,,,129,38,363297,,129,43,,,129,47,,,129,31,315039,,129,32,,,129,32,,,129,40,,,129,40,377085,,129,41
,,,130,37,356403,,130,42,,,130,46,,,130,31,315039,,130,31,,,130,31,,,130,39,,,130,40,377085,,130,40
,,,131,36,349509,,131,41,,,131,45,,,131,30,308145,,131,30,,,131,30,,,131,38,,,131,39,370191,,131,39
,,,132,35,342615,,132,40,,,132,44,,,132,29,301251,,132,29,,,132,30,,,132,37,,,132,38,363297,,132,39
,,,133,35,342615,,133,39,,,133,43,,,133,29,301251,,133,29,,,133,29,,,133,37,,,133,37,356403,,133,38
,,,134,34,335721,,134,39,,,134,42,,,134,28,294357,,134,28,,,134,28,,,134,36,,,134,36,349509,,134,37
,,,135,33,328827,,135,38,,,135,41,,,135,27,287463,,135,27,,,135,28,,,135,35,,,135,35,342615,,135,36
,,,136,32,321933,,136,37,,,136,40,,,136,27,287463,,136,27,,,136,27,,,136,34,,,136,34,335721,,136,35
,,,137,31,315039,,137,36,,,137,39,,,137,26,280569,,137,27,,,137,26,,,137,33,,,137,34,335721,,137,35
,,,138,30,308145,,138,35,,,138,38,,,138,26,280569,,138,26,,,138,26,,,138,33,,,138,33,328827,,138,34
,,,139,30,308145,,139,34,,,139,37,,,139,25,273675,,139,25,,,139,25,,,139,32,,,139,32,321933,,139,33
,,,140,29,301251,,140,34,,,140,37,,,140,24,266781,,140,25,,,140,25,,,140,31,,,140,32,321933,,140,32
,,,141,28,294357,,141,33,,,141,36,,,141,24,266781,,141,24,,,141,24,,,141,31,,,141,31,315039,,141,31
,,,142,27,287463,,142,32,,,142,35,,,142,24,266781,,142,24,,,142,24,,,142,30,,,142,30,308145,,142,31
,,,143,27,287463,,143,31,,,143,34,,,143,23,259887,,143,23,,,143,23,,,143,29,,,143,30,308145,,143,30
,,,144,26,280569,,144,30,,,144,33,,,144,22,252993,,144,22,,,144,23,,,144,29,,,144,29,301251,,144,29
,,,145,25,273675,,145,30,,,145,33,,,145,22,252993,,145,22,,,145,22,,,145,28,,,145,28,294357,,145,29
,,,146,25,273675,,146,29,,,146,32,,,146,21,246099,,146,21,,,146,21,,,146,27,,,146,28,294357,,146,28
,,,147,24,266781,,147,28,,,147,31,,,147,21,246099,,147,21,,,147,21,,,147,27,,,147,27,287463,,147,27
,,,148,23,259887,,148,28,,,148,30,,,148,21,246099,,148,21,,,148,21,,,148,26,,,148,26,280569,,148,27
,,,149,23,259887,,149,27,,,149,30,,,149,20,239205,,149,20,,,149,20,,,149,25,,,149,26,280569,,149,26
,,,150,22,252993,,150,26,,,150,29,,,150,20,239205,,150,20,,,150,20,,,150,25,,,150,25,273675,,150,26
,,,151,21,246099,,151,26,,,151,28,,,151,19,232311,,151,19,,,151,19,,,151,24,,,151,25,273675,,151,25
,,,152,21,246099,,152,25,,,152,28,,,152,18,225417,,152,18,,,152,19,,,152,24,,,152,24,266781,,152,24
,,,153,21,246099,,153,24,,,153,27,,,153,18,225417,,153,18,,,153,19,,,153,23,,,153,23,259887,,153,24
,,,154,20,239205,,154,24,,,154,27,,,154,18,225417,,154,18,,,154,18,,,154,22,,,154,23,259887,,154,24
,,,155,20,239205,,155,24,,,155,26,,,155,17,218523,,155,17,,,155,18,,,155,22,,,155,23,259887,,155,23
,,,156,19,232311,,156,23,,,156,25,,,156,17,218523,,156,17,,,156,17,,,156,22,,,156,22,252993,,156,22
,,,157,18,225417,,157,22,,,157,25,,,157,17,218523,,157,17,,,157,17,,,157,21,,,157,22,252993,,157,22
,,,158,18,225417,,158,22,,,158,24,,,158,16,211629,,158,16,,,158,17,,,158,21,,,158,21,246099,,158,21
,,,159,18,225417,,159,21,,,159,24,,,159,16,211629,,159,16,,,159,16,,,159,20,,,159,20,239205,,159,21
,,,160,17,218523,,160,21,,,160,23,,,160,16,211629,,160,16,,,160,16,,,160,20,,,160,20,239205,,160,21
,,,161,17,218523,,161,21,,,161,22,,,161,15,204735,,161,15,,,161,15,,,161,19,,,161,20,239205,,161,20
,,,162,16,211629,,162,20,,,162,22,,,162,15,204735,,162,15,,,162,15,,,162,19,,,162,19,232311,,162,20
,,,163,16,211629,,163,20,,,163,22,,,163,14,197841,,163,14,,,163,15,,,163,18,,,163,19,232311,,163,19
,,,164,16,211629,,164,19,,,164,21,,,164,14,197841,,164,14,,,164,14,,,164,18,,,164,18,225417,,164,19
,,,165,15,204735,,165,18,,,165,21,,,165,14,197841,,165,14,,,165,14,,,165,18,,,165,18,225417,,165,19
,,,166,15,204735,,166,18,,,166,20,,,166,13,190947,,166,13,,,166,13,,,166,17,,,166,18,225417,,166,18
,,,167,14,197841,,167,18,,,167,19,,,167,13,190947,,167,13,,,167,13,,,167,17,,,167,17,218523,,167,18
,,,168,14,197841,,168,17,,,168,19,,,168,13,190947,,168,13,,,168,13,,,168,17,,,168,17,218523,,168,17
,,,169,14,197841,,169,17,,,169,18,,,169,12,184053,,169,12,,,169,12,,,169,16,,,169,16,211629,,169,17
,,,170,13,190947,,170,16,,,170,18,,,170,12,184053,,170,12,,,170,12,,,170,16,,,170,16,211629,,170,16
,,,171,13,190947,,171,16,,,171,18,,,171,12,184053,,171,12,,,171,12,,,171,15,,,171,16,211629,,171,16
,,,172,12,184053,,172,16,,,172,18,,,172,11,177159,,172,11,,,172,12,,,172,15,,,172,15,204735,,172,16
,,,173,12,184053,,173,15,,,173,17,,,173,11,177159,,173,11,,,173,11,,,173,15,,,173,15,204735,,173,15
,,,174,12,184053,,174,15,,,174,17,,,174,11,177159,,174,11,,,174,11,,,174,14,,,174,15,204735,,174,15
,,,175,11,177159,,175,15,,,175,16,,,175,11,177159,,175,11,,,175,11,,,175,14,,,175,14,197841,,175,15
,,,176,11,177159,,176,14,,,176,16,,,176,10,170265,,176,10,,,176,10,,,176,14,,,176,14,197841,,176,14
,,,177,11,177159,,177,14,,,177,16,,,177,10,170265,,177,10,,,177,10,,,177,13,,,177,13,190947,,177,14
,,,178,10,170265,,178,13,,,178,15,,,178,10,170265,,178,10,,,178,10,,,178,13,,,178,13,190947,,178,13
,,,179,10,170265,,179,13,,,179,15,,,179,10,170265,,179,10,,,179,10,,,179,13,,,179,13,190947,,179,13
,,,180,10,170265,,180,13,,,180,14,,,180,9,163371,,180,9,,,180,9,,,180,12,,,180,12,184053,,180,13
,,,181,9,163371,,181,12,,,181,14,,,181,9,163371,,181,9,,,181,9,,,181,12,,,181,12,184053,,181,12
,,,182,9,163371,,182,12,,,182,14,,,182,9,163371,,182,9,,,182,9,,,182,12,,,182,12,184053,,182,12
,,,183,9,163371,,183,12,,,183,13,,,183,9,163371,,183,9,,,183,9,,,183,11,,,183,12,184053,,183,12
,,,184,9,163371,,184,11,,,184,13,,,184,8,156477,,184,8,,,184,8,,,184,11,,,184,11,177159,,184,12
,,,185,8,156477,,185,11,,,185,13,,,185,8,156477,,185,8,,,185,8,,,185,11,,,185,11,177159,,185,11
,,,186,8,156477,,186,11,,,186,12,,,186,8,156477,,186,8,,,186,8,,,186,10,,,186,11,177159,,186,11
,,,187,8,156477,,187,11,,,187,12,,,187,8,156477,,187,8,,,187,8,,,187,10,,,187,10,170265,,187,11
,,,188,8,156477,,188,10,,,188,12,,,188,7,149583,,188,7,,,188,8,,,188,10,,,188,10,170265,,188,10
,,,189,7,149583,,189,10,,,189,11,,,189,7,149583,,189,7,,,189,7,,,189,10,,,189,10,170265,,189,10
,,,190,7,149583,,190,10,,,190,11,,,190,7,149583,,190,7,,,190,7,,,190,9,,,190,10,170265,,190,10
,,,191,7,149583,,191,9,,,191,11,,,191,7,149583,,191,7,,,191,7,,,191,9,,,191,9,163371,,191,10
,,,192,7,149583,,192,9,,,192,11,,,192,7,149583,,192,7,,,192,7,,,192,9,,,192,9,163371,,192,9
,,,193,6,142689,,193,9,,,193,10,,,193,7,149583,,193,7,,,193,7,,,193,9,,,193,9,163371,,193,9
,,,194,6,142689,,194,9,,,194,10,,,194,6,142689,,194,6,,,194,6,,,194,8,,,194,9,163371,,194,9
,,,195,6,142689,,195,8,,,195,10,,,195,6,142689,,195,6,,,195,6,,,195,8,,,195,8,156477,,195,9
,,,196,6,142689,,196,8,,,196,10,,,196,6,142689,,196,6,,,196,6,,,196,8,,,196,8,156477,,196,8
,,,197,6,142689,,197,8,,,197,9,,,197,6,142689,,197,6,,,197,6,,,197,8,,,197,8,156477,,197,8
,,,198,5,135795,,198,8,,,198,9,,,198,6,142689,,198,6,,,198,6,,,198,8,,,198,8,156477,,198,8
,,,199,5,135795,,199,8,,,199,9,,,199,5,135795,,199,6,,,199,6,,,199,7,,,199,8,156477,,199,8
,,,200,5,135795,,200,7,,,200,9,,,200,5,135795,,200,5,,,200,5,,,200,7,,,200,7,149583,,200,8
,,,201,5,135795,,201,7,,,201,8,,,201,5,135795,,201,5,,,201,5,,,201,7,,,201,7,149583,,201,7
,,,202,5,135795,,202,7,,,202,8,,,202,5,135795,,202,5,,,202,5,,,202,7,,,202,7,149583,,202,7
,,,203,5,135795,,203,7,,,203,8,,,203,5,135795,,203,5,,,203,5,,,203,7,,,203,7,149583,,203,7
,,,204,4,128901,,204,7,,,204,8,,,204,5,135795,,204,5,,,204,5,,,204,6,,,204,7,149583,,204,7
,,,205,4,128901,,205,6,,,205,7,,,205,5,135795,,205,5,,,205,5,,,205,6,,,205,6,142689,,205,7
,,,206,4,128901,,206,6,,,206,7,,,206,5,135795,,206,5,,,206,5,,,206,6,,,206,6,142689,,206,6
,,,207,4,128901,,207,6,,,207,7,,,207,4,128901,,207,4,,,207,4,,,207,6,,,207,6,142689,,207,6
,,,208,4,128901,,208,6,,,208,7,,,208,4,128901,,208,4,,,208,4,,,208,6,,,208,6,142689,,208,6
,,,209,4,128901,,209,6,,,209,7,,,209,4,128901,,209,4,,,209,4,,,209,6,,,209,6,142689,,209,6
,,,210,4,128901,,210,5,,,210,7,,,210,4,128901,,210,4,,,210,4,,,210,5,,,210,6,142689,,210,6
,,,211,3,122007,,211,5,,,211,6,,,211,4,128901,,211,4,,,211,4,,,211,5,,,211,5,135795,,211,6
,,,212,3,122007,,212,5,,,212,6,,,212,4,128901,,212,4,,,212,4,,,212,5,,,212,5,135795,,212,5
,,,213,3,122007,,213,5,,,213,6,,,213,4,128901,,213,4,,,213,4,,,213,5,,,213,5,135795,,213,5
,,,214,3,122007,,214,5,,,214,6,,,214,4,128901,,214,4,,,214,4,,,214,5,,,214,5,135795,,214,5
,,,215,3,122007,,215,5,,,215,6,,,215,3,122007,,215,3,,,215,3,,,215,5,,,215,5,135795,,215,5
,,,216,3,122007,,216,5,,,216,6,,,216,3,122007,,216,3,,,216,3,,,216,5,,,216,5,135795,,216,5
,,,217,3,122007,,217,4,,,217,5,,,217,3,122007,,217,3,,,217,3,,,217,4,,,217,5,135795,,217,5
,,,218,3,122007,,218,4,,,218,5,,,218,3,122007,,218,3,,,218,3,,,218,4,,,218,4,128901,,218,5
,,,219,3,122007,,219,4,,,219,5,,,219,3,122007,,219,3,,,219,3,,,219,4,,,219,4,128901,,219,4
,,,220,2,115113,,220,4,,,220,5,,,220,3,122007,,220,3,,,220,3,,,220,4,,,220,4,128901,,220,4
,,,221,2,115113,,221,4,,,221,5,,,221,3,122007,,221,3,,,221,3,,,221,4,,,221,4,128901,,221,4
,,,222,2,115113,,222,4,,,222,5,,,222,3,122007,,222,3,,,222,3,,,222,4,,,222,4,128901,,222,4
,,,223,2,115113,,223,4,,,223,5,,,223,3,122007,,223,3,,,223,3,,,223,4,,,223,4,128901,,223,4
,,,224,2,115113,,224,4,,,224,4,,,224,3,122007,,224,3,,,224,3,,,224,4,,,224,4,128901,,224,4
,,,225,2,115113,,225,3,,,225,4,,,225,3,122007,,225,3,,,225,3,,,225,4,,,225,4,128901,,225,4
,,,226,2,115113,,226,3,,,226,4,,,226,3,122007,,226,3,,,226,3,,,226,3,,,226,3,122007,,226,4
,,,227,2,115113,,227,3,,,227,4,,,227,2,115113,,227,2,,,227,2,,,227,3,,,227,3,122007,,227,3
,,,228,2,115113,,228,3,,,228,4,,,228,2,115113,,228,2,,,228,2,,,228,3,,,228,3,122007,,228,3
,,,229,2,115113,,229,3,,,229,4,,,229,2,115113,,229,2,,,229,2,,,229,3,,,229,3,122007,,229,3
,,,230,2,115113,,230,3,,,230,4,,,230,2,115113,,230,2,,,230,2,,,230,3,,,230,3,122007,,230,3
,,,231,2,115113,,231,3,,,231,4,,,231,2,115113,,231,2,,,231,2,,,231,3,,,231,3,122007,,231,3
,,,232,2,115113,,232,3,,,232,3,,,232,2,115113,,232,2,,,232,2,,,232,3,,,232,3,122007,,232,3
,,,233,2,115113,,233,3,,,233,3,,,233,2,115113,,233,2,,,233,2,,,233,3,,,233,3,122007,,233,3
,,,234,2,115113,,234,3,,,234,3,,,234,2,115113,,234,2,,,234,2,,,234,3,,,234,3,122007,,234,3
,,,235,1,108219,,235,3,,,235,3,,,235,2,115113,,235,2,,,235,2,,,235,3,,,235,3,122007,,235,3
,,,236,1,108219,,236,2,,,236,3,,,236,2,115113,,236,2,,,236,2,,,236,3,,,236,3,122007,,236,3
,,,237,1,108219,,237,2,,,237,3,,,237,2,115113,,237,2,,,237,2,,,237,2,,,237,3,122007,,237,3
,,,238,1,108219,,238,2,,,238,3,,,238,2,115113,,238,2,,,238,2,,,238,2,,,238,2,115113,,238,2
,,,239,1,108219,,239,2,,,239,3,,,239,2,115113,,239,2,,,239,2,,,239,2,,,239,2,115113,,239,2
,,,240,1,108219,,240,2,,,240,3,,,240,2,115113,,240,2,,,240,2,,,240,2,,,240,2,115113,,240,2
,,,241,1,108219,,241,2,,,241,3,,,241,2,115113,,241,2,,,241,2,,,241,2,,,241,2,115113,,241,2
,,,242,1,108219,,242,2,,,242,3,,,242,2,115113,,242,2,,,242,2,,,242,2,,,242,2,115113,,242,2
,,,243,1,108219,,243,2,,,243,3,,,243,2,115113,,243,2,,,243,2,,,243,2,,,243,2,115113,,243,2
,,,244,1,108219,,244,2,,,244,2,,,244,1,108219,,244,1,,,244,1,,,244,2,,,244,2,115113,,244,2
,,,245,1,108219,,245,2,,,245,2,,,245,1,108219,,245,1,,,245,1,,,245,2,,,245,2,115113,,245,2
,,,246,1,108219,,246,2,,,246,2,,,246,1,108219,,246,1,,,246,1,,,246,2,,,246,2,115113,,246,2
,,,247,1,108219,,247,2,,,247,2,,,247,1,108219,,247,1,,,247,1,,,247,2,,,247,2,115113,,247,2
,,,248,1,108219,,248,2,,,248,2,,,248,1,108219,,248,1,,,248,1,,,248,2,,,248,2,115113,,248,2
,,,249,1,108219,,249,2,,,249,2,,,249,1,108219,,249,1,,,249,1,,,249,2,,,249,2,115113,,249,2
,,,250,1,108219,,250,2,,,250,2,,,250,1,108219,,250,1,,,250,1,,,250,2,,,250,2,115113,,250,2
,,,251,1,108219,,251,2,,,251,2,,,251,1,108219,,251,1,,,251,1,,,251,2,,,251,2,115113,,251,2
,,,252,1,108219,,252,1,,,252,2,,,252,1,108219,,252,1,,,252,1,,,252,2,,,252,2,115113,,252,2
,,,253,1,108219,,253,1,,,253,2,,,253,1,108219,,253,1,,,253,1,,,253,2,,,253,2,115113,,253,2
,,,254,1,108219,,254,1,,,254,2,,,254,1,108219,,254,1,,,254,1,,,254,1,,,254,2,115113,,254,2
,,,255,1,108219,,255,1,,,255,2,,,255,1,108219,,255,1,,,255,1,,,255,1,,,255,1,108219,,255,2
,,,256,1,108219,,256,1,,,256,2,,,256,1,108219,,256,1,,,256,1,,,256,1,,,256,1,108219,,256,1
,,,257,1,108219,,257,1,,,257,2,,,257,1,108219,,257,1,,,257,1,,,257,1,,,257,1,108219,,257,1
,,,258,1,108219,,258,1,,,258,2,,,258,1,108219,,258,1,,,258,1,,,258,1,,,258,1,108219,,258,1
,,,259,1,108219,,259,1,,,259,2,,,259,1,108219,,259,1,,,259,1,,,259,1,,,259,1,108219,,259,1
,,,260,1,108219,,260,1,,,260,2,,,260,1,108219,,260,1,,,260,1,,,260,1,,,260,1,108219,,260,1
,,,261,1,108219,,261,1,,,261,1,,,261,1,108219,,261,1,,,261,1,,,261,1,,,261,1,108219,,261,1
,,,262,1,108219,,262,1,,,262,1,,,262,1,108219,,262,1,,,262,1,,,262,1,,,262,1,108219,,262,1
,,,263,1,108219,,263,1,,,263,1,,,263,1,108219,,263,1,,,263,1,,,263,1,,,263,1,108219,,263,1
,,,264,1,108219,,264,1,,,264,1,,,264,1,108219,,264,1,,,264,1,,,264,1,,,264,1,108219,,264,1
,,,265,1,108219,,265,1,,,265,1,,,265,1,108219,,265,1,,,265,1,,,265,1,,,265,1,108219,,265,1
,,,266,1,108219,,266,1,,,266,1,,,266,1,108219,,266,1,,,266,1,,,266,1,,,266,1,108219,,266,1
,,,267,1,108219,,267,1,,,267,1,,,267,1,108219,,267,1,,,267,1,,,267,1,,,267,1,108219,,267,1
,,,268,1,108219,,268,1,,,268,1,,,268,1,108219,,268,1,,,268,1,,,268,1,,,268,1,108219,,268,1
,,,269,1,108219,,269,1,,,269,1,,,269,1,108219,,269,1,,,269,1,,,269,1,,,269,1,108219,,269,1
,,,270,1,108219,,270,1,,,270,1,,,270,1,108219,,270,1,,,270,1,,,270,1,,,270,1,108219,,270,1
,,,271,0,101325,,271,1,,,271,1,,,271,1,108219,,271,1,,,271,1,,,271,1,,,271,1,108219,,271,1
,,,272,,101325,,272,1,,,272,1,,,272,1,108219,,272,1,,,272,1,,,272,1,,,272,1,108219,,272,1
,,,273,,101325,,273,1,,,273,1,,,273,1,108219,,273,1,,,273,1,,,273,1,,,273,1,108219,,273,1
,,,274,,101325,,274,1,,,274,1,,,274,1,108219,,274,1,,,274,1,,,274,1,,,274,1,108219,,274,1
,,,275,,101325,,275,1,,,275,1,,,275,1,108219,,275,1,,,275,1,,,275,1,,,275,1,108219,,275,1
,,,276,,101325,,276,1,,,276,1,,,276,1,108219,,276,1,,,276,1,,,276,1,,,276,1,108219,,276,1
,,,277,,101325,,277,1,,,277,1,,,277,1,108219,,277,1,,,277,1,,,277,1,,,277,1,108219,,277,1
,,,278,,101325,,278,1,,,278,1,,,278,1,108219,,278,1,,,278,1,,,278,1,,,278,1,108219,,278,1
,,,279,,101325,,279,1,,,279,1,,,279,1,108219,,279,1,,,279,1,,,279,1,,,279,1,108219,,279,1
,,,280,,101325,,280,1,,,280,1,,,280,1,108219,,280,1,,,280,1,,,280,1,,,280,1,108219,,280,1
,,,281,,101325,,281,1,,,281,1,,,281,1,108219,,281,1,,,281,1,,,281,1,,,281,1,108219,,281,1
,,,282,,101325,,282,1,,,282,1,,,282,1,108219,,282,1,,,282,0,,,282,1,,,282,1,108219,,282,1
,,,283,,101325,,283,1,,,283,1,,,283,1,108219,,283,0,,,,,,,283,1,,,283,1,108219,,283,1
,,,284,,101325,,284,1,,,284,1,,,284,0,101325,,,,,,,,,,284,1,,,284,1,108219,,284,1
,,,285,,101325,,285,1,,,285,1,,,285,,101325,,,,,,,,,,285,1,,,285,1,108219,,285,1
,,,286,,101325,,286,1,,,286,1,,,286,,101325,,,,,,,,,,286,1,,,286,1,108219,,286,1
,,,287,,101325,,287,1,,,287,1,,,287,,101325,,,,,,,,,,287,1,,,287,1,108219,,287,1
,,,288,,101325,,288,1,,,288,1,,,288,,101325,,,,,,,,,,288,1,,,288,1,108219,,288,1
,,,289,,101325,,289,1,,,289,1,,,289,,101325,,,,,,,,,,289,1,,,289,1,108219,,289,1
,,,290,,101325,,290,0,,,290,1,,,290,,101325,,,,,,,,,,290,1,,,290,1,108219,,290,1
,,,291,,101325,,,,,,291,1,,,291,,101325,,,,,,,,,,291,1,,,291,1,108219,,291,1
,,,292,,101325,,,,,,292,1,,,292,,101325,,,,,,,,,,292,0,,,292,1,108219,,292,1
,,,293,,101325,,,,,,293,1,,,293,,101325,,,,,,,,,,293,,,,293,0,101325,,293,0
,,,294,,101325,,,,,,294,1,,,294,,101325,,,,,,,,,,294,,,,294,,101325,,,
,,,295,,101325,,,,,,295,1,,,295,,101325,,,,,,,,,,295,,,,295,,101325,,,
,,,296,,101325,,,,,,296,1,,,296,,101325,,,,,,,,,,296,,,,296,,101325,,,
,,,297,,101325,,,,,,297,1,,,297,,101325,,,,,,,,,,297,,,,297,,101325,,,
,,,298,,101325,,,,,,298,1,,,298,,101325,,,,,,,,,,298,,,,298,,101325,,,
,,,299,,101325,,,,,,299,1,,,299,,101325,,,,,,,,,,299,,,,299,,101325,,,
,,,300,,101325,,,,,,300,1,,,300,,101325,,,,,,,,,,300,,,,300,,101325,,,
,,,,,,,,,,,301,1,,,,,,,,,,,,,,,,,,,,,,,,
,,,,,,,,,,,302,0,,,,,,,,,,,,,,,,,,,,,,,,